#
# There is insufficient memory for the Java Runtime Environment to continue.
# Native memory allocation (malloc) failed to allocate 1159376 bytes. Error detail: Chunk::new
# Possible reasons:
#   The system is out of physical RAM or swap space
#   This process is running with CompressedOops enabled, and the Java Heap may be blocking the growth of the native heap
# Possible solutions:
#   Reduce memory load on the system
#   Increase physical memory or swap space
#   Check if swap backing store is full
#   Decrease Java heap size (-Xmx/-Xms)
#   Decrease number of Java threads
#   Decrease Java thread stack sizes (-Xss)
#   Set larger code cache with -XX:ReservedCodeCacheSize=
#   JVM is running with Unscaled Compressed Oops mode in which the Java heap is
#     placed in the first 4GB address space. The Java Heap base address is the
#     maximum limit for the native heap growth. Please use -XX:HeapBaseMinAddress
#     to set the Java Heap base and to place the Java Heap above 4GB virtual address.
# This output file may be truncated or incomplete.
#
#  Out of Memory Error (arena.cpp:168), pid=17024, tid=4016
#
# JRE version: OpenJDK Runtime Environment (21.0.3) (build 21.0.3+-12282718-b509.11)
# Java VM: OpenJDK 64-Bit Server VM (21.0.3+-12282718-b509.11, mixed mode, tiered, compressed oops, compressed class ptrs, g1 gc, windows-amd64)
# No core dump will be written. Minidumps are not enabled by default on client versions of Windows
#

---------------  S U M M A R Y ------------

Command Line: --add-opens=java.base/java.util=ALL-UNNAMED --add-opens=java.base/java.lang=ALL-UNNAMED --add-opens=java.base/java.lang.invoke=ALL-UNNAMED --add-opens=java.prefs/java.util.prefs=ALL-UNNAMED --add-exports=jdk.compiler/com.sun.tools.javac.api=ALL-UNNAMED --add-exports=jdk.compiler/com.sun.tools.javac.util=ALL-UNNAMED --add-opens=java.base/java.nio.charset=ALL-UNNAMED --add-opens=java.base/java.net=ALL-UNNAMED --add-opens=java.base/java.util.concurrent.atomic=ALL-UNNAMED -Xmx2048m -Dfile.encoding=UTF-8 -Duser.country=MX -Duser.language=es -Duser.variant -javaagent:C:\Users\Noe Chavero\.gradle\wrapper\dists\gradle-8.9-bin\90cnw93cvbtalezasaz0blq0a\gradle-8.9\lib\agents\gradle-instrumentation-agent-8.9.jar org.gradle.launcher.daemon.bootstrap.GradleDaemon 8.9

Host: AMD Ryzen 5 8645HS w/ Radeon 760M Graphics, 12 cores, 7G,  Windows 11 , 64 bit Build 26100 (10.0.26100.8521)
Time: Thu Jul 16 15:53:48 2026 Hora estándar central (México) elapsed time: 71.511246 seconds (0d 0h 1m 11s)

---------------  T H R E A D  ---------------

Current thread (0x0000013334abc930):  JavaThread "C2 CompilerThread1" daemon [_thread_in_native, id=4016, stack(0x00000021c5b00000,0x00000021c5c00000) (1024K)]


Current CompileTask:
C2:  71511 21358       4       org.gradle.api.internal.artifacts.transform.AbstractTransformedArtifactSet::visit (104 bytes)

Stack: [0x00000021c5b00000,0x00000021c5c00000]
Native frames: (J=compiled Java code, j=interpreted, Vv=VM code, C=native code)
V  [jvm.dll+0x6cafb9]
V  [jvm.dll+0x858523]
V  [jvm.dll+0x85aa7e]
V  [jvm.dll+0x85b163]
V  [jvm.dll+0x27d356]
V  [jvm.dll+0xbf93d]
V  [jvm.dll+0xbfe73]
V  [jvm.dll+0x2f0eb1]
V  [jvm.dll+0x5f5a39]
V  [jvm.dll+0x24fad2]
V  [jvm.dll+0x24fe8f]
V  [jvm.dll+0x248775]
V  [jvm.dll+0x245fce]
V  [jvm.dll+0x1c5804]
V  [jvm.dll+0x25575c]
V  [jvm.dll+0x253c36]
V  [jvm.dll+0x3ec996]
V  [jvm.dll+0x800d78]
V  [jvm.dll+0x6c98cd]
C  [ucrtbase.dll+0x2cd30]
C  [KERNEL32.DLL+0x2e957]
C  [ntdll.dll+0x87c1c]


---------------  P R O C E S S  ---------------

Threads class SMR info:
_java_thread_list=0x000001333a4260a0, length=187, elements={
0x0000013315b93f90, 0x000001332fbe3410, 0x000001332fbe3e70, 0x000001332fbed560,
0x000001332fbc9b10, 0x000001332fbca660, 0x000001332fbcc0d0, 0x000001332fbedfd0,
0x000001332fbf6ce0, 0x000001332fc6ae90, 0x00000133341850f0, 0x000001333597feb0,
0x0000013335a6ed60, 0x0000013335e165b0, 0x0000013335bc2a80, 0x0000013335c358e0,
0x0000013335c34530, 0x0000013335c34bc0, 0x0000013335c35250, 0x00000133376e2100,
0x00000133376e2790, 0x00000133376e06c0, 0x0000013337e05c00, 0x0000013337f46430,
0x0000013340bd72f0, 0x0000013340bd5220, 0x0000013340bd58b0, 0x0000013340bd65d0,
0x0000013340bd4500, 0x0000013340bd6c60, 0x0000013340bd7980, 0x0000013340bd8010,
0x0000013340bd4b90, 0x0000013340bd86a0, 0x0000013340bda770, 0x0000013337e07640,
0x0000013337e04ee0, 0x0000013337e089f0, 0x0000013337e05570, 0x0000013337e09da0,
0x0000013337e09080, 0x0000013337e0a430, 0x0000013337e0b150, 0x0000013337e0aac0,
0x000001333b6f2290, 0x000001333b6f5da0, 0x0000013334abc930, 0x000001333b6f5080,
0x000001333b6f3640, 0x000001333b6f4360, 0x000001333b6f6430, 0x000001333b6f2fb0,
0x000001333b6f6ac0, 0x000001333b6f7150, 0x000001333b6f3cd0, 0x000001333b6f8500,
0x000001333b6f77e0, 0x000001333b6f9f40, 0x000001333b6f7e70, 0x000001333b6fa5d0,
0x000001333b6fac60, 0x000001333b6fb2f0, 0x000001333b6f9220, 0x000001333b6f98b0,
0x000001333b6fb980, 0x000001333b6fc010, 0x000001333b6f8b90, 0x000001333b6fc6a0,
0x000001333b6fcd30, 0x000001333b6fee00, 0x000001333b6fe0e0, 0x000001333b6fd3c0,
0x000001333b6fe770, 0x000001333b6ff490, 0x000001333b6ffb20, 0x000001333b7001b0,
0x000001333b700840, 0x000001333b700ed0, 0x000001333b702940, 0x000001333b704380,
0x000001333b704a10, 0x000001333b703660, 0x000001333b7050a0, 0x000001333b702fd0,
0x000001333b705730, 0x000001333b7022b0, 0x000001333b706ae0, 0x000001333b707170,
0x000001333b703cf0, 0x000001333b707800, 0x000001333b708520, 0x000001333b707e90,
0x000001333b708bb0, 0x000001333b7098d0, 0x000001333b709240, 0x0000013340bdbb20,
0x0000013340bdb490, 0x0000013340bd93c0, 0x0000013340bd9a50, 0x0000013340bdae00,
0x0000013340bdc1b0, 0x0000013340bd8d30, 0x0000013340bdfcc0, 0x0000013340bddbf0,
0x0000013340bdc840, 0x0000013340bde280, 0x0000013340be0350, 0x0000013340bde910,
0x0000013340be09e0, 0x0000013340bdf630, 0x0000013340bdd560, 0x0000013340be2420,
0x0000013340be1070, 0x0000013340bdefa0, 0x0000013340be1d90, 0x0000013340be2ab0,
0x0000013340be3140, 0x0000013340be37d0, 0x0000013340be1700, 0x0000013339859d20,
0x0000013339859000, 0x000001333985a3b0, 0x000001333985aa40, 0x0000013339858970,
0x000001333985b0d0, 0x0000013339857c50, 0x000001333985b760, 0x00000133398582e0,
0x000001333985bdf0, 0x000001333985c480, 0x000001333985cb10, 0x0000013339859690,
0x000001333985d1a0, 0x000001333985d830, 0x000001333985dec0, 0x000001333985e550,
0x000001333985ebe0, 0x0000013337ced9d0, 0x0000013337cee060, 0x0000013337ceed80,
0x0000013337cef410, 0x0000013337ceccb0, 0x0000013337cebf90, 0x0000013337cefaa0,
0x0000013337cf0130, 0x0000013337cf07c0, 0x0000013337ced340, 0x0000013337cf2f20,
0x0000013337cf0e50, 0x0000013337cf35b0, 0x0000013337cf14e0, 0x0000013337cf1b70,
0x0000013337cf2200, 0x0000013337cf2890, 0x00000133385ee560, 0x00000133385ed840,
0x00000133385eded0, 0x00000133385ef910, 0x00000133385ec490, 0x00000133385f2070,
0x00000133385f2700, 0x00000133385f19e0, 0x00000133385f3420, 0x00000133385f0630,
0x00000133385effa0, 0x00000133385f0cc0, 0x00000133385f3ab0, 0x00000133385f1350,
0x0000013339229f40, 0x0000013339227e70, 0x000001333922ac60, 0x000001333922b2f0,
0x000001333922b980, 0x0000013339228500, 0x000001333922ee00, 0x000001333922f490,
0x000001333922c010, 0x000001333922da50, 0x000001333922e0e0, 0x000001333922d3c0,
0x000001333922c6a0, 0x000001333922cd30, 0x000001333922e770, 0x0000013340ca3430,
0x0000013340ca4150, 0x0000013340ca5500, 0x0000013340ca2080
}

Java Threads: ( => current thread )
  0x0000013315b93f90 JavaThread "main"                              [_thread_blocked, id=31352, stack(0x00000021c2800000,0x00000021c2900000) (1024K)]
  0x000001332fbe3410 JavaThread "Reference Handler"          daemon [_thread_blocked, id=20572, stack(0x00000021c3000000,0x00000021c3100000) (1024K)]
  0x000001332fbe3e70 JavaThread "Finalizer"                  daemon [_thread_blocked, id=30888, stack(0x00000021c3100000,0x00000021c3200000) (1024K)]
  0x000001332fbed560 JavaThread "Signal Dispatcher"          daemon [_thread_blocked, id=31116, stack(0x00000021c3200000,0x00000021c3300000) (1024K)]
  0x000001332fbc9b10 JavaThread "Attach Listener"            daemon [_thread_blocked, id=24532, stack(0x00000021c3300000,0x00000021c3400000) (1024K)]
  0x000001332fbca660 JavaThread "Service Thread"             daemon [_thread_blocked, id=30372, stack(0x00000021c3400000,0x00000021c3500000) (1024K)]
  0x000001332fbcc0d0 JavaThread "Monitor Deflation Thread"   daemon [_thread_blocked, id=30672, stack(0x00000021c3500000,0x00000021c3600000) (1024K)]
  0x000001332fbedfd0 JavaThread "C2 CompilerThread0"         daemon [_thread_in_native, id=24840, stack(0x00000021c3600000,0x00000021c3700000) (1024K)]
  0x000001332fbf6ce0 JavaThread "C1 CompilerThread0"         daemon [_thread_blocked, id=25992, stack(0x00000021c3700000,0x00000021c3800000) (1024K)]
  0x000001332fc6ae90 JavaThread "Common-Cleaner"             daemon [_thread_blocked, id=30436, stack(0x00000021c3800000,0x00000021c3900000) (1024K)]
  0x00000133341850f0 JavaThread "Notification Thread"        daemon [_thread_blocked, id=14044, stack(0x00000021c3900000,0x00000021c3a00000) (1024K)]
  0x000001333597feb0 JavaThread "Daemon health stats"               [_thread_blocked, id=8080, stack(0x00000021c3f00000,0x00000021c4000000) (1024K)]
  0x0000013335a6ed60 JavaThread "Incoming local TCP Connector on port 52977"        [_thread_in_native, id=32260, stack(0x00000021c4000000,0x00000021c4100000) (1024K)]
  0x0000013335e165b0 JavaThread "Daemon periodic checks"            [_thread_blocked, id=1832, stack(0x00000021c4600000,0x00000021c4700000) (1024K)]
  0x0000013335bc2a80 JavaThread "Daemon"                            [_thread_blocked, id=12456, stack(0x00000021c4700000,0x00000021c4800000) (1024K)]
  0x0000013335c358e0 JavaThread "Daemon worker"                     [_thread_blocked, id=12792, stack(0x00000021c4a00000,0x00000021c4b00000) (1024K)]
  0x0000013335c34530 JavaThread "Cache worker for journal cache (C:\Users\Noe Chavero\.gradle\caches\journal-1)"        [_thread_blocked, id=31288, stack(0x00000021c5000000,0x00000021c5100000) (1024K)]
  0x0000013335c34bc0 JavaThread "File lock request listener"        [_thread_in_native, id=31372, stack(0x00000021c5100000,0x00000021c5200000) (1024K)]
  0x0000013335c35250 JavaThread "Cache worker for file hash cache (C:\Users\Noe Chavero\.gradle\caches\8.9\fileHashes)"        [_thread_blocked, id=30552, stack(0x00000021c5200000,0x00000021c5300000) (1024K)]
  0x00000133376e2100 JavaThread "File watcher server"        daemon [_thread_in_native, id=2860, stack(0x00000021c5500000,0x00000021c5600000) (1024K)]
  0x00000133376e2790 JavaThread "File watcher consumer"      daemon [_thread_blocked, id=2084, stack(0x00000021c5600000,0x00000021c5700000) (1024K)]
  0x00000133376e06c0 JavaThread "Cache worker for file content cache (C:\Users\Noe Chavero\.gradle\caches\8.9\fileContent)"        [_thread_blocked, id=1068, stack(0x00000021c5800000,0x00000021c5900000) (1024K)]
  0x0000013337e05c00 JavaThread "Memory manager"                    [_thread_blocked, id=15784, stack(0x00000021c3c00000,0x00000021c3d00000) (1024K)]
  0x0000013337f46430 JavaThread "included builds"                   [_thread_blocked, id=28176, stack(0x00000021ca000000,0x00000021ca100000) (1024K)]
  0x0000013340bd72f0 JavaThread "ForkJoinPool.commonPool-worker-1" daemon [_thread_blocked, id=27528, stack(0x00000021cf200000,0x00000021cf300000) (1024K)]
  0x0000013340bd5220 JavaThread "ForkJoinPool.commonPool-worker-2" daemon [_thread_blocked, id=30456, stack(0x00000021cf300000,0x00000021cf400000) (1024K)]
  0x0000013340bd58b0 JavaThread "ForkJoinPool.commonPool-worker-3" daemon [_thread_blocked, id=27892, stack(0x00000021cf400000,0x00000021cf500000) (1024K)]
  0x0000013340bd65d0 JavaThread "ForkJoinPool.commonPool-worker-4" daemon [_thread_blocked, id=18832, stack(0x00000021cf500000,0x00000021cf600000) (1024K)]
  0x0000013340bd4500 JavaThread "ForkJoinPool.commonPool-worker-5" daemon [_thread_blocked, id=22212, stack(0x00000021cf600000,0x00000021cf700000) (1024K)]
  0x0000013340bd6c60 JavaThread "ForkJoinPool.commonPool-worker-6" daemon [_thread_blocked, id=22456, stack(0x00000021cf700000,0x00000021cf800000) (1024K)]
  0x0000013340bd7980 JavaThread "ForkJoinPool.commonPool-worker-7" daemon [_thread_blocked, id=19924, stack(0x00000021cf800000,0x00000021cf900000) (1024K)]
  0x0000013340bd8010 JavaThread "ForkJoinPool.commonPool-worker-8" daemon [_thread_blocked, id=10836, stack(0x00000021cf900000,0x00000021cfa00000) (1024K)]
  0x0000013340bd4b90 JavaThread "ForkJoinPool.commonPool-worker-9" daemon [_thread_blocked, id=9652, stack(0x00000021cfa00000,0x00000021cfb00000) (1024K)]
  0x0000013340bd86a0 JavaThread "ForkJoinPool.commonPool-worker-10" daemon [_thread_blocked, id=13188, stack(0x00000021cfb00000,0x00000021cfc00000) (1024K)]
  0x0000013340bda770 JavaThread "ForkJoinPool.commonPool-worker-11" daemon [_thread_blocked, id=24136, stack(0x00000021c9000000,0x00000021c9100000) (1024K)]
  0x0000013337e07640 JavaThread "VFS cleanup"                       [_thread_blocked, id=23648, stack(0x00000021c4b00000,0x00000021c4c00000) (1024K)]
  0x0000013337e04ee0 JavaThread "Handler for socket connection from /127.0.0.1:52977 to /127.0.0.1:65062"        [_thread_in_native, id=16964, stack(0x00000021c2500000,0x00000021c2600000) (1024K)]
  0x0000013337e089f0 JavaThread "Cancel handler"                    [_thread_blocked, id=10800, stack(0x00000021c2600000,0x00000021c2700000) (1024K)]
  0x0000013337e05570 JavaThread "Asynchronous log dispatcher for DefaultDaemonConnection: socket connection from /127.0.0.1:52977 to /127.0.0.1:65062"        [_thread_blocked, id=3048, stack(0x00000021c2700000,0x00000021c2800000) (1024K)]
  0x0000013337e09da0 JavaThread "Stdin handler"                     [_thread_blocked, id=7796, stack(0x00000021c4c00000,0x00000021c4d00000) (1024K)]
  0x0000013337e09080 JavaThread "Daemon client event forwarder"        [_thread_blocked, id=16368, stack(0x00000021c4d00000,0x00000021c4e00000) (1024K)]
  0x0000013337e0a430 JavaThread "Cache worker for file hash cache (C:\Users\Noe Chavero\AndroidStudioProjects\SmartHealthMonitor2\.gradle\8.9\fileHashes)"        [_thread_blocked, id=1608, stack(0x00000021c5300000,0x00000021c5400000) (1024K)]
  0x0000013337e0b150 JavaThread "Cache worker for Build Output Cleanup Cache (C:\Users\Noe Chavero\AndroidStudioProjects\SmartHealthMonitor2\.gradle\buildOutputCleanup)"        [_thread_blocked, id=21552, stack(0x00000021c5400000,0x00000021c5500000) (1024K)]
  0x0000013337e0aac0 JavaThread "Cache worker for checksums cache (C:\Users\Noe Chavero\AndroidStudioProjects\SmartHealthMonitor2\.gradle\8.9\checksums)"        [_thread_blocked, id=25088, stack(0x00000021c5700000,0x00000021c5800000) (1024K)]
  0x000001333b6f2290 JavaThread "Cache worker for cache directory md-rule (C:\Users\Noe Chavero\.gradle\caches\8.9\md-rule)"        [_thread_blocked, id=28268, stack(0x00000021c5900000,0x00000021c5a00000) (1024K)]
  0x000001333b6f5da0 JavaThread "Cache worker for cache directory md-supplier (C:\Users\Noe Chavero\.gradle\caches\8.9\md-supplier)"        [_thread_blocked, id=29776, stack(0x00000021c5a00000,0x00000021c5b00000) (1024K)]
=>0x0000013334abc930 JavaThread "C2 CompilerThread1"         daemon [_thread_in_native, id=4016, stack(0x00000021c5b00000,0x00000021c5c00000) (1024K)]
  0x000001333b6f5080 JavaThread "Unconstrained build operations"        [_thread_blocked, id=4292, stack(0x00000021c5c00000,0x00000021c5d00000) (1024K)]
  0x000001333b6f3640 JavaThread "Unconstrained build operations Thread 2"        [_thread_blocked, id=22732, stack(0x00000021c5d00000,0x00000021c5e00000) (1024K)]
  0x000001333b6f4360 JavaThread "Unconstrained build operations Thread 3"        [_thread_blocked, id=29236, stack(0x00000021c5e00000,0x00000021c5f00000) (1024K)]
  0x000001333b6f6430 JavaThread "Unconstrained build operations Thread 4"        [_thread_blocked, id=11424, stack(0x00000021c5f00000,0x00000021c6000000) (1024K)]
  0x000001333b6f2fb0 JavaThread "Unconstrained build operations Thread 5"        [_thread_blocked, id=19136, stack(0x00000021c6000000,0x00000021c6100000) (1024K)]
  0x000001333b6f6ac0 JavaThread "Unconstrained build operations Thread 6"        [_thread_blocked, id=30704, stack(0x00000021c6100000,0x00000021c6200000) (1024K)]
  0x000001333b6f7150 JavaThread "Unconstrained build operations Thread 7"        [_thread_blocked, id=30848, stack(0x00000021c6200000,0x00000021c6300000) (1024K)]
  0x000001333b6f3cd0 JavaThread "Unconstrained build operations Thread 8"        [_thread_blocked, id=27456, stack(0x00000021c6300000,0x00000021c6400000) (1024K)]
  0x000001333b6f8500 JavaThread "Unconstrained build operations Thread 9"        [_thread_blocked, id=7688, stack(0x00000021c6400000,0x00000021c6500000) (1024K)]
  0x000001333b6f77e0 JavaThread "Unconstrained build operations Thread 10"        [_thread_blocked, id=20668, stack(0x00000021c6500000,0x00000021c6600000) (1024K)]
  0x000001333b6f9f40 JavaThread "Unconstrained build operations Thread 11"        [_thread_blocked, id=18052, stack(0x00000021c6600000,0x00000021c6700000) (1024K)]
  0x000001333b6f7e70 JavaThread "Unconstrained build operations Thread 12"        [_thread_blocked, id=4512, stack(0x00000021c6700000,0x00000021c6800000) (1024K)]
  0x000001333b6fa5d0 JavaThread "Unconstrained build operations Thread 13"        [_thread_blocked, id=29784, stack(0x00000021c6800000,0x00000021c6900000) (1024K)]
  0x000001333b6fac60 JavaThread "Unconstrained build operations Thread 14"        [_thread_blocked, id=28872, stack(0x00000021c6900000,0x00000021c6a00000) (1024K)]
  0x000001333b6fb2f0 JavaThread "Unconstrained build operations Thread 15"        [_thread_blocked, id=16764, stack(0x00000021c6a00000,0x00000021c6b00000) (1024K)]
  0x000001333b6f9220 JavaThread "Unconstrained build operations Thread 16"        [_thread_blocked, id=23392, stack(0x00000021c6b00000,0x00000021c6c00000) (1024K)]
  0x000001333b6f98b0 JavaThread "Unconstrained build operations Thread 17"        [_thread_blocked, id=8480, stack(0x00000021c6c00000,0x00000021c6d00000) (1024K)]
  0x000001333b6fb980 JavaThread "Unconstrained build operations Thread 18"        [_thread_blocked, id=11476, stack(0x00000021c6d00000,0x00000021c6e00000) (1024K)]
  0x000001333b6fc010 JavaThread "Unconstrained build operations Thread 19"        [_thread_blocked, id=1536, stack(0x00000021c6e00000,0x00000021c6f00000) (1024K)]
  0x000001333b6f8b90 JavaThread "Unconstrained build operations Thread 20"        [_thread_blocked, id=15912, stack(0x00000021c6f00000,0x00000021c7000000) (1024K)]
  0x000001333b6fc6a0 JavaThread "Unconstrained build operations Thread 21"        [_thread_blocked, id=18300, stack(0x00000021c7000000,0x00000021c7100000) (1024K)]
  0x000001333b6fcd30 JavaThread "Unconstrained build operations Thread 22"        [_thread_blocked, id=31468, stack(0x00000021c7100000,0x00000021c7200000) (1024K)]
  0x000001333b6fee00 JavaThread "Unconstrained build operations Thread 23"        [_thread_blocked, id=26840, stack(0x00000021c7200000,0x00000021c7300000) (1024K)]
  0x000001333b6fe0e0 JavaThread "Unconstrained build operations Thread 24"        [_thread_blocked, id=19768, stack(0x00000021c7300000,0x00000021c7400000) (1024K)]
  0x000001333b6fd3c0 JavaThread "Unconstrained build operations Thread 25"        [_thread_blocked, id=15116, stack(0x00000021c7400000,0x00000021c7500000) (1024K)]
  0x000001333b6fe770 JavaThread "Unconstrained build operations Thread 26"        [_thread_blocked, id=25500, stack(0x00000021c7500000,0x00000021c7600000) (1024K)]
  0x000001333b6ff490 JavaThread "Unconstrained build operations Thread 27"        [_thread_blocked, id=29168, stack(0x00000021c7600000,0x00000021c7700000) (1024K)]
  0x000001333b6ffb20 JavaThread "Unconstrained build operations Thread 28"        [_thread_blocked, id=15948, stack(0x00000021c7700000,0x00000021c7800000) (1024K)]
  0x000001333b7001b0 JavaThread "Unconstrained build operations Thread 29"        [_thread_blocked, id=12308, stack(0x00000021c7800000,0x00000021c7900000) (1024K)]
  0x000001333b700840 JavaThread "Unconstrained build operations Thread 30"        [_thread_blocked, id=32496, stack(0x00000021c7900000,0x00000021c7a00000) (1024K)]
  0x000001333b700ed0 JavaThread "Unconstrained build operations Thread 31"        [_thread_blocked, id=15612, stack(0x00000021c7a00000,0x00000021c7b00000) (1024K)]
  0x000001333b702940 JavaThread "Unconstrained build operations Thread 32"        [_thread_blocked, id=30992, stack(0x00000021c7b00000,0x00000021c7c00000) (1024K)]
  0x000001333b704380 JavaThread "Unconstrained build operations Thread 33"        [_thread_blocked, id=9940, stack(0x00000021c7c00000,0x00000021c7d00000) (1024K)]
  0x000001333b704a10 JavaThread "Unconstrained build operations Thread 34"        [_thread_blocked, id=31768, stack(0x00000021c7d00000,0x00000021c7e00000) (1024K)]
  0x000001333b703660 JavaThread "Unconstrained build operations Thread 35"        [_thread_blocked, id=20240, stack(0x00000021c7e00000,0x00000021c7f00000) (1024K)]
  0x000001333b7050a0 JavaThread "Unconstrained build operations Thread 36"        [_thread_blocked, id=28764, stack(0x00000021c7f00000,0x00000021c8000000) (1024K)]
  0x000001333b702fd0 JavaThread "Unconstrained build operations Thread 37"        [_thread_blocked, id=16256, stack(0x00000021c8000000,0x00000021c8100000) (1024K)]
  0x000001333b705730 JavaThread "build event listener"              [_thread_blocked, id=24192, stack(0x00000021c8100000,0x00000021c8200000) (1024K)]
  0x000001333b7022b0 JavaThread "build event listener"              [_thread_blocked, id=30388, stack(0x00000021c8200000,0x00000021c8300000) (1024K)]
  0x000001333b706ae0 JavaThread "Unconstrained build operations Thread 38"        [_thread_blocked, id=4368, stack(0x00000021c8300000,0x00000021c8400000) (1024K)]
  0x000001333b707170 JavaThread "Unconstrained build operations Thread 39"        [_thread_blocked, id=31864, stack(0x00000021c8400000,0x00000021c8500000) (1024K)]
  0x000001333b703cf0 JavaThread "Unconstrained build operations Thread 40"        [_thread_blocked, id=1520, stack(0x00000021c8500000,0x00000021c8600000) (1024K)]
  0x000001333b707800 JavaThread "Unconstrained build operations Thread 41"        [_thread_blocked, id=23892, stack(0x00000021c8600000,0x00000021c8700000) (1024K)]
  0x000001333b708520 JavaThread "Unconstrained build operations Thread 42"        [_thread_blocked, id=23948, stack(0x00000021c8700000,0x00000021c8800000) (1024K)]
  0x000001333b707e90 JavaThread "Unconstrained build operations Thread 43"        [_thread_blocked, id=3792, stack(0x00000021c8800000,0x00000021c8900000) (1024K)]
  0x000001333b708bb0 JavaThread "Unconstrained build operations Thread 44"        [_thread_blocked, id=23460, stack(0x00000021c8900000,0x00000021c8a00000) (1024K)]
  0x000001333b7098d0 JavaThread "Unconstrained build operations Thread 45"        [_thread_blocked, id=20168, stack(0x00000021c8a00000,0x00000021c8b00000) (1024K)]
  0x000001333b709240 JavaThread "Unconstrained build operations Thread 46"        [_thread_blocked, id=16896, stack(0x00000021c8b00000,0x00000021c8c00000) (1024K)]
  0x0000013340bdbb20 JavaThread "Unconstrained build operations Thread 47"        [_thread_blocked, id=19476, stack(0x00000021c8c00000,0x00000021c8d00000) (1024K)]
  0x0000013340bdb490 JavaThread "Unconstrained build operations Thread 48"        [_thread_blocked, id=32480, stack(0x00000021c8d00000,0x00000021c8e00000) (1024K)]
  0x0000013340bd93c0 JavaThread "Unconstrained build operations Thread 49"        [_thread_blocked, id=28568, stack(0x00000021c8e00000,0x00000021c8f00000) (1024K)]
  0x0000013340bd9a50 JavaThread "Unconstrained build operations Thread 50"        [_thread_blocked, id=27536, stack(0x00000021c8f00000,0x00000021c9000000) (1024K)]
  0x0000013340bdae00 JavaThread "Unconstrained build operations Thread 51"        [_thread_blocked, id=14720, stack(0x00000021c9100000,0x00000021c9200000) (1024K)]
  0x0000013340bdc1b0 JavaThread "included builds"                   [_thread_blocked, id=8316, stack(0x00000021c9200000,0x00000021c9300000) (1024K)]
  0x0000013340bd8d30 JavaThread "Execution worker"                  [_thread_blocked, id=16012, stack(0x00000021c9300000,0x00000021c9400000) (1024K)]
  0x0000013340bdfcc0 JavaThread "Execution worker Thread 2"         [_thread_blocked, id=18676, stack(0x00000021c9400000,0x00000021c9500000) (1024K)]
  0x0000013340bddbf0 JavaThread "Execution worker Thread 3"         [_thread_blocked, id=30976, stack(0x00000021c9500000,0x00000021c9600000) (1024K)]
  0x0000013340bdc840 JavaThread "Execution worker Thread 4"         [_thread_blocked, id=29360, stack(0x00000021c9600000,0x00000021c9700000) (1024K)]
  0x0000013340bde280 JavaThread "Execution worker Thread 5"         [_thread_blocked, id=14384, stack(0x00000021c9700000,0x00000021c9800000) (1024K)]
  0x0000013340be0350 JavaThread "Execution worker Thread 6"         [_thread_blocked, id=32580, stack(0x00000021c9800000,0x00000021c9900000) (1024K)]
  0x0000013340bde910 JavaThread "Execution worker Thread 7"         [_thread_blocked, id=32364, stack(0x00000021c9900000,0x00000021c9a00000) (1024K)]
  0x0000013340be09e0 JavaThread "Execution worker Thread 8"         [_thread_blocked, id=12324, stack(0x00000021c9a00000,0x00000021c9b00000) (1024K)]
  0x0000013340bdf630 JavaThread "Execution worker Thread 9"         [_thread_blocked, id=12624, stack(0x00000021c9b00000,0x00000021c9c00000) (1024K)]
  0x0000013340bdd560 JavaThread "Execution worker Thread 10"        [_thread_blocked, id=11896, stack(0x00000021c9c00000,0x00000021c9d00000) (1024K)]
  0x0000013340be2420 JavaThread "Execution worker Thread 11"        [_thread_blocked, id=18024, stack(0x00000021c9d00000,0x00000021c9e00000) (1024K)]
  0x0000013340be1070 JavaThread "Cache worker for execution history cache (C:\Users\Noe Chavero\AndroidStudioProjects\SmartHealthMonitor2\.gradle\8.9\executionHistory)"        [_thread_blocked, id=28868, stack(0x00000021c9e00000,0x00000021c9f00000) (1024K)]
  0x0000013340bdefa0 JavaThread "Unconstrained build operations Thread 52"        [_thread_blocked, id=15472, stack(0x00000021c9f00000,0x00000021ca000000) (1024K)]
  0x0000013340be1d90 JavaThread "Unconstrained build operations Thread 53"        [_thread_blocked, id=30620, stack(0x00000021ca100000,0x00000021ca200000) (1024K)]
  0x0000013340be2ab0 JavaThread "Unconstrained build operations Thread 54"        [_thread_blocked, id=31936, stack(0x00000021ca200000,0x00000021ca300000) (1024K)]
  0x0000013340be3140 JavaThread "Unconstrained build operations Thread 55"        [_thread_blocked, id=18836, stack(0x00000021ca300000,0x00000021ca400000) (1024K)]
  0x0000013340be37d0 JavaThread "Unconstrained build operations Thread 56"        [_thread_blocked, id=24412, stack(0x00000021ca400000,0x00000021ca500000) (1024K)]
  0x0000013340be1700 JavaThread "Unconstrained build operations Thread 57"        [_thread_blocked, id=16676, stack(0x00000021ca500000,0x00000021ca600000) (1024K)]
  0x0000013339859d20 JavaThread "Unconstrained build operations Thread 58"        [_thread_blocked, id=27808, stack(0x00000021ca600000,0x00000021ca700000) (1024K)]
  0x0000013339859000 JavaThread "Unconstrained build operations Thread 59"        [_thread_blocked, id=19140, stack(0x00000021ca700000,0x00000021ca800000) (1024K)]
  0x000001333985a3b0 JavaThread "Unconstrained build operations Thread 60"        [_thread_blocked, id=13832, stack(0x00000021ca800000,0x00000021ca900000) (1024K)]
  0x000001333985aa40 JavaThread "Unconstrained build operations Thread 61"        [_thread_blocked, id=30444, stack(0x00000021ca900000,0x00000021caa00000) (1024K)]
  0x0000013339858970 JavaThread "Unconstrained build operations Thread 62"        [_thread_blocked, id=31104, stack(0x00000021caa00000,0x00000021cab00000) (1024K)]
  0x000001333985b0d0 JavaThread "Unconstrained build operations Thread 63"        [_thread_blocked, id=29940, stack(0x00000021cab00000,0x00000021cac00000) (1024K)]
  0x0000013339857c50 JavaThread "Unconstrained build operations Thread 64"        [_thread_blocked, id=29480, stack(0x00000021cac00000,0x00000021cad00000) (1024K)]
  0x000001333985b760 JavaThread "Unconstrained build operations Thread 65"        [_thread_blocked, id=30724, stack(0x00000021cad00000,0x00000021cae00000) (1024K)]
  0x00000133398582e0 JavaThread "Unconstrained build operations Thread 66"        [_thread_blocked, id=25744, stack(0x00000021cae00000,0x00000021caf00000) (1024K)]
  0x000001333985bdf0 JavaThread "Unconstrained build operations Thread 67"        [_thread_blocked, id=21372, stack(0x00000021caf00000,0x00000021cb000000) (1024K)]
  0x000001333985c480 JavaThread "Unconstrained build operations Thread 68"        [_thread_blocked, id=14344, stack(0x00000021cb000000,0x00000021cb100000) (1024K)]
  0x000001333985cb10 JavaThread "Unconstrained build operations Thread 69"        [_thread_blocked, id=7056, stack(0x00000021cb100000,0x00000021cb200000) (1024K)]
  0x0000013339859690 JavaThread "Unconstrained build operations Thread 70"        [_thread_blocked, id=1976, stack(0x00000021cb200000,0x00000021cb300000) (1024K)]
  0x000001333985d1a0 JavaThread "Unconstrained build operations Thread 71"        [_thread_blocked, id=26688, stack(0x00000021cb300000,0x00000021cb400000) (1024K)]
  0x000001333985d830 JavaThread "Unconstrained build operations Thread 72"        [_thread_blocked, id=27492, stack(0x00000021cb400000,0x00000021cb500000) (1024K)]
  0x000001333985dec0 JavaThread "Unconstrained build operations Thread 73"        [_thread_blocked, id=27640, stack(0x00000021cb500000,0x00000021cb600000) (1024K)]
  0x000001333985e550 JavaThread "Unconstrained build operations Thread 74"        [_thread_blocked, id=15532, stack(0x00000021cb600000,0x00000021cb700000) (1024K)]
  0x000001333985ebe0 JavaThread "Unconstrained build operations Thread 75"        [_thread_blocked, id=32316, stack(0x00000021cb700000,0x00000021cb800000) (1024K)]
  0x0000013337ced9d0 JavaThread "Unconstrained build operations Thread 76"        [_thread_blocked, id=29772, stack(0x00000021cb800000,0x00000021cb900000) (1024K)]
  0x0000013337cee060 JavaThread "Unconstrained build operations Thread 77"        [_thread_blocked, id=29256, stack(0x00000021cb900000,0x00000021cba00000) (1024K)]
  0x0000013337ceed80 JavaThread "Unconstrained build operations Thread 78"        [_thread_blocked, id=27000, stack(0x00000021cba00000,0x00000021cbb00000) (1024K)]
  0x0000013337cef410 JavaThread "Unconstrained build operations Thread 79"        [_thread_blocked, id=28800, stack(0x00000021cbb00000,0x00000021cbc00000) (1024K)]
  0x0000013337ceccb0 JavaThread "Unconstrained build operations Thread 80"        [_thread_blocked, id=12064, stack(0x00000021cbc00000,0x00000021cbd00000) (1024K)]
  0x0000013337cebf90 JavaThread "Unconstrained build operations Thread 81"        [_thread_blocked, id=20200, stack(0x00000021cbd00000,0x00000021cbe00000) (1024K)]
  0x0000013337cefaa0 JavaThread "Unconstrained build operations Thread 82"        [_thread_blocked, id=32624, stack(0x00000021cbe00000,0x00000021cbf00000) (1024K)]
  0x0000013337cf0130 JavaThread "Unconstrained build operations Thread 83"        [_thread_blocked, id=11880, stack(0x00000021cbf00000,0x00000021cc000000) (1024K)]
  0x0000013337cf07c0 JavaThread "Unconstrained build operations Thread 84"        [_thread_blocked, id=28436, stack(0x00000021cc000000,0x00000021cc100000) (1024K)]
  0x0000013337ced340 JavaThread "Unconstrained build operations Thread 85"        [_thread_blocked, id=32188, stack(0x00000021cc100000,0x00000021cc200000) (1024K)]
  0x0000013337cf2f20 JavaThread "Unconstrained build operations Thread 86"        [_thread_blocked, id=32280, stack(0x00000021cc200000,0x00000021cc300000) (1024K)]
  0x0000013337cf0e50 JavaThread "Unconstrained build operations Thread 87"        [_thread_blocked, id=28684, stack(0x00000021cc300000,0x00000021cc400000) (1024K)]
  0x0000013337cf35b0 JavaThread "Unconstrained build operations Thread 88"        [_thread_blocked, id=31044, stack(0x00000021cc400000,0x00000021cc500000) (1024K)]
  0x0000013337cf14e0 JavaThread "Unconstrained build operations Thread 89"        [_thread_blocked, id=13400, stack(0x00000021cc500000,0x00000021cc600000) (1024K)]
  0x0000013337cf1b70 JavaThread "Unconstrained build operations Thread 90"        [_thread_blocked, id=3568, stack(0x00000021cc600000,0x00000021cc700000) (1024K)]
  0x0000013337cf2200 JavaThread "Unconstrained build operations Thread 91"        [_thread_blocked, id=11848, stack(0x00000021cc700000,0x00000021cc800000) (1024K)]
  0x0000013337cf2890 JavaThread "Unconstrained build operations Thread 92"        [_thread_blocked, id=19884, stack(0x00000021cc800000,0x00000021cc900000) (1024K)]
  0x00000133385ee560 JavaThread "Unconstrained build operations Thread 93"        [_thread_blocked, id=4932, stack(0x00000021cc900000,0x00000021cca00000) (1024K)]
  0x00000133385ed840 JavaThread "Unconstrained build operations Thread 94"        [_thread_blocked, id=10048, stack(0x00000021cca00000,0x00000021ccb00000) (1024K)]
  0x00000133385eded0 JavaThread "Unconstrained build operations Thread 95"        [_thread_blocked, id=29912, stack(0x00000021ccb00000,0x00000021ccc00000) (1024K)]
  0x00000133385ef910 JavaThread "WorkerExecutor Queue"              [_thread_blocked, id=26164, stack(0x00000021ccc00000,0x00000021ccd00000) (1024K)]
  0x00000133385ec490 JavaThread "Unconstrained build operations Thread 96"        [_thread_blocked, id=26924, stack(0x00000021ccd00000,0x00000021cce00000) (1024K)]
  0x00000133385f2070 JavaThread "Unconstrained build operations Thread 97"        [_thread_blocked, id=29504, stack(0x00000021cce00000,0x00000021ccf00000) (1024K)]
  0x00000133385f2700 JavaThread "Unconstrained build operations Thread 98"        [_thread_blocked, id=28212, stack(0x00000021ccf00000,0x00000021cd000000) (1024K)]
  0x00000133385f19e0 JavaThread "Unconstrained build operations Thread 99"        [_thread_blocked, id=32756, stack(0x00000021cd000000,0x00000021cd100000) (1024K)]
  0x00000133385f3420 JavaThread "Unconstrained build operations Thread 100"        [_thread_blocked, id=12472, stack(0x00000021cd100000,0x00000021cd200000) (1024K)]
  0x00000133385f0630 JavaThread "Unconstrained build operations Thread 101"        [_thread_blocked, id=31708, stack(0x00000021cd200000,0x00000021cd300000) (1024K)]
  0x00000133385effa0 JavaThread "Unconstrained build operations Thread 102"        [_thread_blocked, id=17236, stack(0x00000021cd300000,0x00000021cd400000) (1024K)]
  0x00000133385f0cc0 JavaThread "Unconstrained build operations Thread 103"        [_thread_blocked, id=25036, stack(0x00000021cd400000,0x00000021cd500000) (1024K)]
  0x00000133385f3ab0 JavaThread "Unconstrained build operations Thread 104"        [_thread_blocked, id=28660, stack(0x00000021cd500000,0x00000021cd600000) (1024K)]
  0x00000133385f1350 JavaThread "Unconstrained build operations Thread 105"        [_thread_blocked, id=15828, stack(0x00000021cd600000,0x00000021cd700000) (1024K)]
  0x0000013339229f40 JavaThread "Unconstrained build operations Thread 106"        [_thread_blocked, id=11632, stack(0x00000021cd700000,0x00000021cd800000) (1024K)]
  0x0000013339227e70 JavaThread "Unconstrained build operations Thread 107"        [_thread_blocked, id=2564, stack(0x00000021cd800000,0x00000021cd900000) (1024K)]
  0x000001333922ac60 JavaThread "Unconstrained build operations Thread 108"        [_thread_blocked, id=1060, stack(0x00000021cd900000,0x00000021cda00000) (1024K)]
  0x000001333922b2f0 JavaThread "Unconstrained build operations Thread 109"        [_thread_blocked, id=11936, stack(0x00000021cda00000,0x00000021cdb00000) (1024K)]
  0x000001333922b980 JavaThread "Unconstrained build operations Thread 110"        [_thread_blocked, id=7788, stack(0x00000021cdb00000,0x00000021cdc00000) (1024K)]
  0x0000013339228500 JavaThread "Unconstrained build operations Thread 111"        [_thread_blocked, id=8332, stack(0x00000021cdc00000,0x00000021cdd00000) (1024K)]
  0x000001333922ee00 JavaThread "Unconstrained build operations Thread 112"        [_thread_blocked, id=27768, stack(0x00000021cdd00000,0x00000021cde00000) (1024K)]
  0x000001333922f490 JavaThread "Unconstrained build operations Thread 113"        [_thread_blocked, id=21920, stack(0x00000021cde00000,0x00000021cdf00000) (1024K)]
  0x000001333922c010 JavaThread "Unconstrained build operations Thread 114"        [_thread_blocked, id=11872, stack(0x00000021cdf00000,0x00000021ce000000) (1024K)]
  0x000001333922da50 JavaThread "Unconstrained build operations Thread 115"        [_thread_blocked, id=18544, stack(0x00000021ce000000,0x00000021ce100000) (1024K)]
  0x000001333922e0e0 JavaThread "Unconstrained build operations Thread 116"        [_thread_blocked, id=19600, stack(0x00000021ce100000,0x00000021ce200000) (1024K)]
  0x000001333922d3c0 JavaThread "Unconstrained build operations Thread 117"        [_thread_blocked, id=23580, stack(0x00000021ce200000,0x00000021ce300000) (1024K)]
  0x000001333922c6a0 JavaThread "Unconstrained build operations Thread 118"        [_thread_blocked, id=32320, stack(0x00000021ce300000,0x00000021ce400000) (1024K)]
  0x000001333922cd30 JavaThread "Unconstrained build operations Thread 119"        [_thread_blocked, id=2288, stack(0x00000021ce400000,0x00000021ce500000) (1024K)]
  0x000001333922e770 JavaThread "Unconstrained build operations Thread 120"        [_thread_blocked, id=11332, stack(0x00000021ce500000,0x00000021ce600000) (1024K)]
  0x0000013340ca3430 JavaThread "WorkerExecutor Queue Thread 2"        [_thread_blocked, id=32032, stack(0x00000021ce600000,0x00000021ce700000) (1024K)]
  0x0000013340ca4150 JavaThread "pool-7-thread-1"                   [_thread_blocked, id=18684, stack(0x00000021ce700000,0x00000021ce800000) (1024K)]
  0x0000013340ca5500 JavaThread "stderr"                            [_thread_in_native, id=29668, stack(0x00000021ce800000,0x00000021ce900000) (1024K)]
  0x0000013340ca2080 JavaThread "stdout"                            [_thread_in_native, id=9612, stack(0x00000021ce900000,0x00000021cea00000) (1024K)]
Total: 187

Other Threads:
  0x000001332fb6f070 VMThread "VM Thread"                           [id=16732, stack(0x00000021c2f00000,0x00000021c3000000) (1024K)]
  0x000001332f9b6100 WatcherThread "VM Periodic Task Thread"        [id=31720, stack(0x00000021c2e00000,0x00000021c2f00000) (1024K)]
  0x0000013315fa1aa0 WorkerThread "GC Thread#0"                     [id=29892, stack(0x00000021c2900000,0x00000021c2a00000) (1024K)]
  0x00000133346104a0 WorkerThread "GC Thread#1"                     [id=32372, stack(0x00000021c3a00000,0x00000021c3b00000) (1024K)]
  0x000001333440a2b0 WorkerThread "GC Thread#2"                     [id=28860, stack(0x00000021c3b00000,0x00000021c3c00000) (1024K)]
  0x0000013334bee110 WorkerThread "GC Thread#3"                     [id=16860, stack(0x00000021c3d00000,0x00000021c3e00000) (1024K)]
  0x0000013335040730 WorkerThread "GC Thread#4"                     [id=3588, stack(0x00000021c3e00000,0x00000021c3f00000) (1024K)]
  0x0000013335dec120 WorkerThread "GC Thread#5"                     [id=30400, stack(0x00000021c4100000,0x00000021c4200000) (1024K)]
  0x0000013335cd4880 WorkerThread "GC Thread#6"                     [id=32436, stack(0x00000021c4200000,0x00000021c4300000) (1024K)]
  0x0000013335b7da40 WorkerThread "GC Thread#7"                     [id=20908, stack(0x00000021c4300000,0x00000021c4400000) (1024K)]
  0x0000013335b7dde0 WorkerThread "GC Thread#8"                     [id=24508, stack(0x00000021c4400000,0x00000021c4500000) (1024K)]
  0x0000013335b82fb0 WorkerThread "GC Thread#9"                     [id=29180, stack(0x00000021c4500000,0x00000021c4600000) (1024K)]
  0x0000013315fb38c0 ConcurrentGCThread "G1 Main Marker"            [id=5436, stack(0x00000021c2a00000,0x00000021c2b00000) (1024K)]
  0x0000013315fb4b60 WorkerThread "G1 Conc#0"                       [id=21444, stack(0x00000021c2b00000,0x00000021c2c00000) (1024K)]
  0x0000013335b7d220 WorkerThread "G1 Conc#1"                       [id=11808, stack(0x00000021c4e00000,0x00000021c4f00000) (1024K)]
  0x0000013335b7c5f0 WorkerThread "G1 Conc#2"                       [id=14440, stack(0x00000021c4f00000,0x00000021c5000000) (1024K)]
  0x000001332f87f7d0 ConcurrentGCThread "G1 Refine#0"               [id=19268, stack(0x00000021c2c00000,0x00000021c2d00000) (1024K)]
  0x000001332f8811f0 ConcurrentGCThread "G1 Service"                [id=31088, stack(0x00000021c2d00000,0x00000021c2e00000) (1024K)]
Total: 18

Threads with active compile tasks:
C2 CompilerThread0    72551 21343   !   4       org.gradle.api.internal.artifacts.ivyservice.resolveengine.artifact.VariantResolvingArtifactSet::select (153 bytes)
C2 CompilerThread1    72551 21358       4       org.gradle.api.internal.artifacts.transform.AbstractTransformedArtifactSet::visit (104 bytes)
Total: 2

VM state: not at safepoint (normal execution)

VM Mutex/Monitor currently owned by a thread: None

Heap address: 0x0000000080000000, size: 2048 MB, Compressed Oops mode: 32-bit

CDS archive(s) not mapped
Compressed class space mapped at: 0x0000000100000000-0x0000000140000000, reserved size: 1073741824
Narrow klass base: 0x0000000000000000, Narrow klass shift: 3, Narrow klass range: 0x140000000

GC Precious Log:
 CardTable entry size: 512
 Card Set container configuration: InlinePtr #cards 5 size 8 Array Of Cards #cards 12 size 40 Howl #buckets 4 coarsen threshold 1843 Howl Bitmap #cards 512 size 80 coarsen threshold 460 Card regions per heap region 1 cards per card region 2048
 CPUs: 12 total, 12 available
 Memory: 7439M
 Large Page Support: Disabled
 NUMA Support: Disabled
 Compressed Oops: Enabled (32-bit)
 Heap Region Size: 1M
 Heap Min Capacity: 8M
 Heap Initial Capacity: 118M
 Heap Max Capacity: 2G
 Pre-touch: Disabled
 Parallel Workers: 10
 Concurrent Workers: 3
 Concurrent Refinement Workers: 10
 Periodic GC: Disabled

Heap:
 garbage-first heap   total 467968K, used 249734K [0x0000000080000000, 0x0000000100000000)
  region size 1024K, 108 young (110592K), 30 survivors (30720K)
 Metaspace       used 143210K, committed 145536K, reserved 1179648K
  class space    used 20118K, committed 21312K, reserved 1048576K

Heap Regions: E=young(eden), S=young(survivor), O=old, HS=humongous(starts), HC=humongous(continues), CS=collection set, F=free, TAMS=top-at-mark-start, PB=parsable bottom
|   0|0x0000000080000000, 0x0000000080100000, 0x0000000080100000|100%|HS|  |TAMS 0x0000000080000000| PB 0x0000000080000000| Complete 
|   1|0x0000000080100000, 0x0000000080200000, 0x0000000080200000|100%|HC|  |TAMS 0x0000000080100000| PB 0x0000000080100000| Complete 
|   2|0x0000000080200000, 0x0000000080300000, 0x0000000080300000|100%|HC|  |TAMS 0x0000000080200000| PB 0x0000000080200000| Complete 
|   3|0x0000000080300000, 0x0000000080400000, 0x0000000080400000|100%|HC|  |TAMS 0x0000000080300000| PB 0x0000000080300000| Complete 
|   4|0x0000000080400000, 0x0000000080500000, 0x0000000080500000|100%| O|  |TAMS 0x0000000080400000| PB 0x0000000080400000| Untracked 
|   5|0x0000000080500000, 0x0000000080600000, 0x0000000080600000|100%| O|  |TAMS 0x0000000080500000| PB 0x0000000080500000| Untracked 
|   6|0x0000000080600000, 0x0000000080700000, 0x0000000080700000|100%| O|  |TAMS 0x0000000080600000| PB 0x0000000080600000| Untracked 
|   7|0x0000000080700000, 0x0000000080800000, 0x0000000080800000|100%| O|  |TAMS 0x0000000080700000| PB 0x0000000080700000| Untracked 
|   8|0x0000000080800000, 0x0000000080900000, 0x0000000080900000|100%| O|  |TAMS 0x0000000080800000| PB 0x0000000080800000| Untracked 
|   9|0x0000000080900000, 0x0000000080a00000, 0x0000000080a00000|100%| O|  |TAMS 0x0000000080900000| PB 0x0000000080900000| Untracked 
|  10|0x0000000080a00000, 0x0000000080b00000, 0x0000000080b00000|100%| O|  |TAMS 0x0000000080a00000| PB 0x0000000080a00000| Untracked 
|  11|0x0000000080b00000, 0x0000000080c00000, 0x0000000080c00000|100%|HS|  |TAMS 0x0000000080b00000| PB 0x0000000080b00000| Complete 
|  12|0x0000000080c00000, 0x0000000080d00000, 0x0000000080d00000|100%| O|  |TAMS 0x0000000080c00000| PB 0x0000000080c00000| Untracked 
|  13|0x0000000080d00000, 0x0000000080e00000, 0x0000000080e00000|100%| O|  |TAMS 0x0000000080d00000| PB 0x0000000080d00000| Untracked 
|  14|0x0000000080e00000, 0x0000000080f00000, 0x0000000080f00000|100%| O|  |TAMS 0x0000000080e00000| PB 0x0000000080e00000| Untracked 
|  15|0x0000000080f00000, 0x0000000081000000, 0x0000000081000000|100%| O|  |TAMS 0x0000000080f00000| PB 0x0000000080f00000| Untracked 
|  16|0x0000000081000000, 0x0000000081100000, 0x0000000081100000|100%| O|  |TAMS 0x0000000081000000| PB 0x0000000081000000| Untracked 
|  17|0x0000000081100000, 0x0000000081200000, 0x0000000081200000|100%| O|  |TAMS 0x0000000081100000| PB 0x0000000081100000| Untracked 
|  18|0x0000000081200000, 0x0000000081300000, 0x0000000081300000|100%| O|  |TAMS 0x0000000081200000| PB 0x0000000081200000| Untracked 
|  19|0x0000000081300000, 0x0000000081400000, 0x0000000081400000|100%| O|  |TAMS 0x0000000081300000| PB 0x0000000081300000| Untracked 
|  20|0x0000000081400000, 0x0000000081500000, 0x0000000081500000|100%| O|  |TAMS 0x0000000081400000| PB 0x0000000081400000| Untracked 
|  21|0x0000000081500000, 0x0000000081600000, 0x0000000081600000|100%| O|  |TAMS 0x0000000081500000| PB 0x0000000081500000| Untracked 
|  22|0x0000000081600000, 0x0000000081700000, 0x0000000081700000|100%| O|  |TAMS 0x0000000081600000| PB 0x0000000081600000| Untracked 
|  23|0x0000000081700000, 0x0000000081800000, 0x0000000081800000|100%| O|  |TAMS 0x0000000081700000| PB 0x0000000081700000| Untracked 
|  24|0x0000000081800000, 0x0000000081900000, 0x0000000081900000|100%| O|  |TAMS 0x0000000081800000| PB 0x0000000081800000| Untracked 
|  25|0x0000000081900000, 0x0000000081a00000, 0x0000000081a00000|100%| O|  |TAMS 0x0000000081900000| PB 0x0000000081900000| Untracked 
|  26|0x0000000081a00000, 0x0000000081b00000, 0x0000000081b00000|100%| O|  |TAMS 0x0000000081a00000| PB 0x0000000081a00000| Untracked 
|  27|0x0000000081b00000, 0x0000000081c00000, 0x0000000081c00000|100%| O|  |TAMS 0x0000000081b00000| PB 0x0000000081b00000| Untracked 
|  28|0x0000000081c00000, 0x0000000081d00000, 0x0000000081d00000|100%| O|  |TAMS 0x0000000081c00000| PB 0x0000000081c00000| Untracked 
|  29|0x0000000081d00000, 0x0000000081e00000, 0x0000000081e00000|100%| O|  |TAMS 0x0000000081d00000| PB 0x0000000081d00000| Untracked 
|  30|0x0000000081e00000, 0x0000000081f00000, 0x0000000081f00000|100%| O|  |TAMS 0x0000000081e00000| PB 0x0000000081e00000| Untracked 
|  31|0x0000000081f00000, 0x0000000082000000, 0x0000000082000000|100%| O|  |TAMS 0x0000000081f00000| PB 0x0000000081f00000| Untracked 
|  32|0x0000000082000000, 0x0000000082100000, 0x0000000082100000|100%| O|  |TAMS 0x0000000082000000| PB 0x0000000082000000| Untracked 
|  33|0x0000000082100000, 0x0000000082200000, 0x0000000082200000|100%| O|  |TAMS 0x0000000082100000| PB 0x0000000082100000| Untracked 
|  34|0x0000000082200000, 0x0000000082300000, 0x0000000082300000|100%| O|  |TAMS 0x0000000082200000| PB 0x0000000082200000| Untracked 
|  35|0x0000000082300000, 0x0000000082400000, 0x0000000082400000|100%| O|  |TAMS 0x0000000082300000| PB 0x0000000082300000| Untracked 
|  36|0x0000000082400000, 0x0000000082500000, 0x0000000082500000|100%| O|  |TAMS 0x0000000082400000| PB 0x0000000082400000| Untracked 
|  37|0x0000000082500000, 0x0000000082600000, 0x0000000082600000|100%| O|  |TAMS 0x0000000082500000| PB 0x0000000082500000| Untracked 
|  38|0x0000000082600000, 0x0000000082700000, 0x0000000082700000|100%| O|  |TAMS 0x0000000082600000| PB 0x0000000082600000| Untracked 
|  39|0x0000000082700000, 0x0000000082800000, 0x0000000082800000|100%| O|  |TAMS 0x0000000082700000| PB 0x0000000082700000| Untracked 
|  40|0x0000000082800000, 0x0000000082900000, 0x0000000082900000|100%|HS|  |TAMS 0x0000000082800000| PB 0x0000000082800000| Complete 
|  41|0x0000000082900000, 0x0000000082a00000, 0x0000000082a00000|100%|HS|  |TAMS 0x0000000082900000| PB 0x0000000082900000| Complete 
|  42|0x0000000082a00000, 0x0000000082b00000, 0x0000000082b00000|100%|HS|  |TAMS 0x0000000082a00000| PB 0x0000000082a00000| Complete 
|  43|0x0000000082b00000, 0x0000000082c00000, 0x0000000082c00000|100%|HC|  |TAMS 0x0000000082b00000| PB 0x0000000082b00000| Complete 
|  44|0x0000000082c00000, 0x0000000082d00000, 0x0000000082d00000|100%| O|  |TAMS 0x0000000082c00000| PB 0x0000000082c00000| Untracked 
|  45|0x0000000082d00000, 0x0000000082e00000, 0x0000000082e00000|100%| O|  |TAMS 0x0000000082d00000| PB 0x0000000082d00000| Untracked 
|  46|0x0000000082e00000, 0x0000000082f00000, 0x0000000082f00000|100%| O|  |TAMS 0x0000000082e00000| PB 0x0000000082e00000| Untracked 
|  47|0x0000000082f00000, 0x0000000083000000, 0x0000000083000000|100%| O|  |TAMS 0x0000000082f00000| PB 0x0000000082f00000| Untracked 
|  48|0x0000000083000000, 0x0000000083100000, 0x0000000083100000|100%| O|  |TAMS 0x0000000083000000| PB 0x0000000083000000| Untracked 
|  49|0x0000000083100000, 0x0000000083200000, 0x0000000083200000|100%| O|  |TAMS 0x0000000083100000| PB 0x0000000083100000| Untracked 
|  50|0x0000000083200000, 0x0000000083300000, 0x0000000083300000|100%|HS|  |TAMS 0x0000000083200000| PB 0x0000000083200000| Complete 
|  51|0x0000000083300000, 0x0000000083400000, 0x0000000083400000|100%|HC|  |TAMS 0x0000000083300000| PB 0x0000000083300000| Complete 
|  52|0x0000000083400000, 0x0000000083500000, 0x0000000083500000|100%|HS|  |TAMS 0x0000000083400000| PB 0x0000000083400000| Complete 
|  53|0x0000000083500000, 0x0000000083600000, 0x0000000083600000|100%|HS|  |TAMS 0x0000000083500000| PB 0x0000000083500000| Complete 
|  54|0x0000000083600000, 0x0000000083700000, 0x0000000083700000|100%|HC|  |TAMS 0x0000000083600000| PB 0x0000000083600000| Complete 
|  55|0x0000000083700000, 0x0000000083800000, 0x0000000083800000|100%|HC|  |TAMS 0x0000000083700000| PB 0x0000000083700000| Complete 
|  56|0x0000000083800000, 0x0000000083900000, 0x0000000083900000|100%|HS|  |TAMS 0x0000000083800000| PB 0x0000000083800000| Complete 
|  57|0x0000000083900000, 0x0000000083a00000, 0x0000000083a00000|100%| O|  |TAMS 0x0000000083900000| PB 0x0000000083900000| Untracked 
|  58|0x0000000083a00000, 0x0000000083b00000, 0x0000000083b00000|100%|HS|  |TAMS 0x0000000083a00000| PB 0x0000000083a00000| Complete 
|  59|0x0000000083b00000, 0x0000000083c00000, 0x0000000083c00000|100%| O|  |TAMS 0x0000000083b00000| PB 0x0000000083b00000| Untracked 
|  60|0x0000000083c00000, 0x0000000083c00000, 0x0000000083d00000|  0%| F|  |TAMS 0x0000000083c00000| PB 0x0000000083c00000| Untracked 
|  61|0x0000000083d00000, 0x0000000083e00000, 0x0000000083e00000|100%| O|  |TAMS 0x0000000083d00000| PB 0x0000000083d00000| Untracked 
|  62|0x0000000083e00000, 0x0000000083f00000, 0x0000000083f00000|100%| O|  |TAMS 0x0000000083e00000| PB 0x0000000083e00000| Untracked 
|  63|0x0000000083f00000, 0x0000000084000000, 0x0000000084000000|100%| O|  |TAMS 0x0000000083f00000| PB 0x0000000083f00000| Untracked 
|  64|0x0000000084000000, 0x0000000084100000, 0x0000000084100000|100%|HS|  |TAMS 0x0000000084000000| PB 0x0000000084000000| Complete 
|  65|0x0000000084100000, 0x0000000084200000, 0x0000000084200000|100%| O|  |TAMS 0x0000000084100000| PB 0x0000000084100000| Untracked 
|  66|0x0000000084200000, 0x0000000084300000, 0x0000000084300000|100%| O|  |TAMS 0x0000000084200000| PB 0x0000000084200000| Untracked 
|  67|0x0000000084300000, 0x0000000084400000, 0x0000000084400000|100%| O|  |TAMS 0x0000000084300000| PB 0x0000000084300000| Untracked 
|  68|0x0000000084400000, 0x0000000084500000, 0x0000000084500000|100%| O|  |TAMS 0x0000000084400000| PB 0x0000000084400000| Untracked 
|  69|0x0000000084500000, 0x0000000084600000, 0x0000000084600000|100%|HS|  |TAMS 0x0000000084500000| PB 0x0000000084500000| Complete 
|  70|0x0000000084600000, 0x0000000084700000, 0x0000000084700000|100%| O|  |TAMS 0x0000000084600000| PB 0x0000000084600000| Untracked 
|  71|0x0000000084700000, 0x0000000084800000, 0x0000000084800000|100%|HS|  |TAMS 0x0000000084700000| PB 0x0000000084700000| Complete 
|  72|0x0000000084800000, 0x0000000084900000, 0x0000000084900000|100%|HC|  |TAMS 0x0000000084800000| PB 0x0000000084800000| Complete 
|  73|0x0000000084900000, 0x0000000084a00000, 0x0000000084a00000|100%|HC|  |TAMS 0x0000000084900000| PB 0x0000000084900000| Complete 
|  74|0x0000000084a00000, 0x0000000084b00000, 0x0000000084b00000|100%| O|  |TAMS 0x0000000084a00000| PB 0x0000000084a00000| Untracked 
|  75|0x0000000084b00000, 0x0000000084c00000, 0x0000000084c00000|100%| O|  |TAMS 0x0000000084b00000| PB 0x0000000084b00000| Untracked 
|  76|0x0000000084c00000, 0x0000000084d00000, 0x0000000084d00000|100%| O|  |TAMS 0x0000000084c00000| PB 0x0000000084c00000| Untracked 
|  77|0x0000000084d00000, 0x0000000084e00000, 0x0000000084e00000|100%| O|  |TAMS 0x0000000084d00000| PB 0x0000000084d00000| Untracked 
|  78|0x0000000084e00000, 0x0000000084f00000, 0x0000000084f00000|100%| O|  |TAMS 0x0000000084e00000| PB 0x0000000084e00000| Untracked 
|  79|0x0000000084f00000, 0x0000000085000000, 0x0000000085000000|100%| O|  |TAMS 0x0000000084f00000| PB 0x0000000084f00000| Untracked 
|  80|0x0000000085000000, 0x0000000085100000, 0x0000000085100000|100%| O|  |TAMS 0x0000000085000000| PB 0x0000000085000000| Untracked 
|  81|0x0000000085100000, 0x0000000085200000, 0x0000000085200000|100%| O|  |TAMS 0x0000000085100000| PB 0x0000000085100000| Untracked 
|  82|0x0000000085200000, 0x0000000085300000, 0x0000000085300000|100%| O|  |TAMS 0x0000000085200000| PB 0x0000000085200000| Untracked 
|  83|0x0000000085300000, 0x0000000085400000, 0x0000000085400000|100%| O|  |TAMS 0x0000000085300000| PB 0x0000000085300000| Untracked 
|  84|0x0000000085400000, 0x0000000085500000, 0x0000000085500000|100%| O|  |TAMS 0x0000000085400000| PB 0x0000000085400000| Untracked 
|  85|0x0000000085500000, 0x0000000085600000, 0x0000000085600000|100%| O|  |TAMS 0x0000000085500000| PB 0x0000000085500000| Untracked 
|  86|0x0000000085600000, 0x0000000085700000, 0x0000000085700000|100%| O|  |TAMS 0x0000000085600000| PB 0x0000000085600000| Untracked 
|  87|0x0000000085700000, 0x0000000085800000, 0x0000000085800000|100%| O|  |TAMS 0x0000000085700000| PB 0x0000000085700000| Untracked 
|  88|0x0000000085800000, 0x0000000085900000, 0x0000000085900000|100%| O|  |TAMS 0x0000000085800000| PB 0x0000000085800000| Untracked 
|  89|0x0000000085900000, 0x0000000085a00000, 0x0000000085a00000|100%| O|  |TAMS 0x0000000085900000| PB 0x0000000085900000| Untracked 
|  90|0x0000000085a00000, 0x0000000085b00000, 0x0000000085b00000|100%| O|  |TAMS 0x0000000085a00000| PB 0x0000000085a00000| Untracked 
|  91|0x0000000085b00000, 0x0000000085c00000, 0x0000000085c00000|100%| O|  |TAMS 0x0000000085b00000| PB 0x0000000085b00000| Untracked 
|  92|0x0000000085c00000, 0x0000000085d00000, 0x0000000085d00000|100%| O|  |TAMS 0x0000000085c00000| PB 0x0000000085c00000| Untracked 
|  93|0x0000000085d00000, 0x0000000085e00000, 0x0000000085e00000|100%| O|  |TAMS 0x0000000085d00000| PB 0x0000000085d00000| Untracked 
|  94|0x0000000085e00000, 0x0000000085f00000, 0x0000000085f00000|100%| O|  |TAMS 0x0000000085e00000| PB 0x0000000085e00000| Untracked 
|  95|0x0000000085f00000, 0x0000000085fe1bf0, 0x0000000086000000| 88%| O|  |TAMS 0x0000000085f00000| PB 0x0000000085f00000| Untracked 
|  96|0x0000000086000000, 0x0000000086100000, 0x0000000086100000|100%| O|  |TAMS 0x0000000086000000| PB 0x0000000086000000| Untracked 
|  97|0x0000000086100000, 0x0000000086200000, 0x0000000086200000|100%| O|  |TAMS 0x0000000086100000| PB 0x0000000086100000| Untracked 
|  98|0x0000000086200000, 0x0000000086300000, 0x0000000086300000|100%| O|  |TAMS 0x0000000086200000| PB 0x0000000086200000| Untracked 
|  99|0x0000000086300000, 0x0000000086400000, 0x0000000086400000|100%| O|  |TAMS 0x0000000086300000| PB 0x0000000086300000| Untracked 
| 100|0x0000000086400000, 0x0000000086500000, 0x0000000086500000|100%| O|  |TAMS 0x0000000086400000| PB 0x0000000086400000| Untracked 
| 101|0x0000000086500000, 0x0000000086600000, 0x0000000086600000|100%| O|  |TAMS 0x0000000086500000| PB 0x0000000086500000| Untracked 
| 102|0x0000000086600000, 0x0000000086700000, 0x0000000086700000|100%| O|  |TAMS 0x0000000086600000| PB 0x0000000086600000| Untracked 
| 103|0x0000000086700000, 0x0000000086800000, 0x0000000086800000|100%| O|  |TAMS 0x0000000086700000| PB 0x0000000086700000| Untracked 
| 104|0x0000000086800000, 0x0000000086900000, 0x0000000086900000|100%| O|  |TAMS 0x0000000086800000| PB 0x0000000086800000| Untracked 
| 105|0x0000000086900000, 0x0000000086a00000, 0x0000000086a00000|100%| O|  |TAMS 0x0000000086900000| PB 0x0000000086900000| Untracked 
| 106|0x0000000086a00000, 0x0000000086b00000, 0x0000000086b00000|100%| O|  |TAMS 0x0000000086a00000| PB 0x0000000086a00000| Untracked 
| 107|0x0000000086b00000, 0x0000000086c00000, 0x0000000086c00000|100%| O|  |TAMS 0x0000000086b00000| PB 0x0000000086b00000| Untracked 
| 108|0x0000000086c00000, 0x0000000086c00000, 0x0000000086d00000|  0%| F|  |TAMS 0x0000000086c00000| PB 0x0000000086c00000| Untracked 
| 109|0x0000000086d00000, 0x0000000086e00000, 0x0000000086e00000|100%| O|  |TAMS 0x0000000086d00000| PB 0x0000000086d00000| Untracked 
| 110|0x0000000086e00000, 0x0000000086f00000, 0x0000000086f00000|100%| O|  |TAMS 0x0000000086e00000| PB 0x0000000086e00000| Untracked 
| 111|0x0000000086f00000, 0x0000000087000000, 0x0000000087000000|100%| O|  |TAMS 0x0000000086f00000| PB 0x0000000086f00000| Untracked 
| 112|0x0000000087000000, 0x0000000087100000, 0x0000000087100000|100%| O|  |TAMS 0x0000000087000000| PB 0x0000000087000000| Untracked 
| 113|0x0000000087100000, 0x0000000087200000, 0x0000000087200000|100%| O|  |TAMS 0x0000000087100000| PB 0x0000000087100000| Untracked 
| 114|0x0000000087200000, 0x0000000087300000, 0x0000000087300000|100%| O|  |TAMS 0x0000000087200000| PB 0x0000000087200000| Untracked 
| 115|0x0000000087300000, 0x0000000087400000, 0x0000000087400000|100%| O|  |TAMS 0x0000000087300000| PB 0x0000000087300000| Untracked 
| 116|0x0000000087400000, 0x0000000087500000, 0x0000000087500000|100%| O|  |TAMS 0x0000000087400000| PB 0x0000000087400000| Untracked 
| 117|0x0000000087500000, 0x0000000087600000, 0x0000000087600000|100%| O|  |TAMS 0x0000000087500000| PB 0x0000000087500000| Untracked 
| 118|0x0000000087600000, 0x0000000087700000, 0x0000000087700000|100%| O|  |TAMS 0x0000000087600000| PB 0x0000000087600000| Untracked 
| 119|0x0000000087700000, 0x0000000087800000, 0x0000000087800000|100%| O|  |TAMS 0x0000000087700000| PB 0x0000000087700000| Untracked 
| 120|0x0000000087800000, 0x0000000087800000, 0x0000000087900000|  0%| F|  |TAMS 0x0000000087800000| PB 0x0000000087800000| Untracked 
| 121|0x0000000087900000, 0x0000000087900000, 0x0000000087a00000|  0%| F|  |TAMS 0x0000000087900000| PB 0x0000000087900000| Untracked 
| 122|0x0000000087a00000, 0x0000000087b00000, 0x0000000087b00000|100%| O|  |TAMS 0x0000000087a00000| PB 0x0000000087a00000| Untracked 
| 123|0x0000000087b00000, 0x0000000087c00000, 0x0000000087c00000|100%| O|  |TAMS 0x0000000087b00000| PB 0x0000000087b00000| Untracked 
| 124|0x0000000087c00000, 0x0000000087d00000, 0x0000000087d00000|100%| O|  |TAMS 0x0000000087c00000| PB 0x0000000087c00000| Untracked 
| 125|0x0000000087d00000, 0x0000000087d00000, 0x0000000087e00000|  0%| F|  |TAMS 0x0000000087d00000| PB 0x0000000087d00000| Untracked 
| 126|0x0000000087e00000, 0x0000000087f00000, 0x0000000087f00000|100%| O|  |TAMS 0x0000000087e00000| PB 0x0000000087e00000| Untracked 
| 127|0x0000000087f00000, 0x0000000088000000, 0x0000000088000000|100%| O|  |TAMS 0x0000000087f00000| PB 0x0000000087f00000| Untracked 
| 128|0x0000000088000000, 0x0000000088100000, 0x0000000088100000|100%| O|  |TAMS 0x0000000088000000| PB 0x0000000088000000| Untracked 
| 129|0x0000000088100000, 0x0000000088200000, 0x0000000088200000|100%| O|  |TAMS 0x0000000088100000| PB 0x0000000088100000| Untracked 
| 130|0x0000000088200000, 0x0000000088300000, 0x0000000088300000|100%| O|  |TAMS 0x0000000088200000| PB 0x0000000088200000| Untracked 
| 131|0x0000000088300000, 0x0000000088400000, 0x0000000088400000|100%| O|  |TAMS 0x0000000088300000| PB 0x0000000088300000| Untracked 
| 132|0x0000000088400000, 0x0000000088500000, 0x0000000088500000|100%| O|  |TAMS 0x0000000088400000| PB 0x0000000088400000| Untracked 
| 133|0x0000000088500000, 0x0000000088600000, 0x0000000088600000|100%| O|  |TAMS 0x0000000088500000| PB 0x0000000088500000| Untracked 
| 134|0x0000000088600000, 0x0000000088700000, 0x0000000088700000|100%| O|  |TAMS 0x0000000088600000| PB 0x0000000088600000| Untracked 
| 135|0x0000000088700000, 0x0000000088700000, 0x0000000088800000|  0%| F|  |TAMS 0x0000000088700000| PB 0x0000000088700000| Untracked 
| 136|0x0000000088800000, 0x0000000088900000, 0x0000000088900000|100%| O|  |TAMS 0x0000000088800000| PB 0x0000000088800000| Untracked 
| 137|0x0000000088900000, 0x0000000088a00000, 0x0000000088a00000|100%| O|  |TAMS 0x0000000088900000| PB 0x0000000088900000| Untracked 
| 138|0x0000000088a00000, 0x0000000088b00000, 0x0000000088b00000|100%| O|  |TAMS 0x0000000088a00000| PB 0x0000000088a00000| Untracked 
| 139|0x0000000088b00000, 0x0000000088b00000, 0x0000000088c00000|  0%| F|  |TAMS 0x0000000088b00000| PB 0x0000000088b00000| Untracked 
| 140|0x0000000088c00000, 0x0000000088c00000, 0x0000000088d00000|  0%| F|  |TAMS 0x0000000088c00000| PB 0x0000000088c00000| Untracked 
| 141|0x0000000088d00000, 0x0000000088d00000, 0x0000000088e00000|  0%| F|  |TAMS 0x0000000088d00000| PB 0x0000000088d00000| Untracked 
| 142|0x0000000088e00000, 0x0000000088e00000, 0x0000000088f00000|  0%| F|  |TAMS 0x0000000088e00000| PB 0x0000000088e00000| Untracked 
| 143|0x0000000088f00000, 0x0000000089000000, 0x0000000089000000|100%| O|  |TAMS 0x0000000088f00000| PB 0x0000000088f00000| Untracked 
| 144|0x0000000089000000, 0x0000000089000000, 0x0000000089100000|  0%| F|  |TAMS 0x0000000089000000| PB 0x0000000089000000| Untracked 
| 145|0x0000000089100000, 0x0000000089100000, 0x0000000089200000|  0%| F|  |TAMS 0x0000000089100000| PB 0x0000000089100000| Untracked 
| 146|0x0000000089200000, 0x0000000089200000, 0x0000000089300000|  0%| F|  |TAMS 0x0000000089200000| PB 0x0000000089200000| Untracked 
| 147|0x0000000089300000, 0x0000000089300000, 0x0000000089400000|  0%| F|  |TAMS 0x0000000089300000| PB 0x0000000089300000| Untracked 
| 148|0x0000000089400000, 0x0000000089400000, 0x0000000089500000|  0%| F|  |TAMS 0x0000000089400000| PB 0x0000000089400000| Untracked 
| 149|0x0000000089500000, 0x0000000089500000, 0x0000000089600000|  0%| F|  |TAMS 0x0000000089500000| PB 0x0000000089500000| Untracked 
| 150|0x0000000089600000, 0x0000000089600000, 0x0000000089700000|  0%| F|  |TAMS 0x0000000089600000| PB 0x0000000089600000| Untracked 
| 151|0x0000000089700000, 0x0000000089700000, 0x0000000089800000|  0%| F|  |TAMS 0x0000000089700000| PB 0x0000000089700000| Untracked 
| 152|0x0000000089800000, 0x0000000089800000, 0x0000000089900000|  0%| F|  |TAMS 0x0000000089800000| PB 0x0000000089800000| Untracked 
| 153|0x0000000089900000, 0x0000000089900000, 0x0000000089a00000|  0%| F|  |TAMS 0x0000000089900000| PB 0x0000000089900000| Untracked 
| 154|0x0000000089a00000, 0x0000000089a00000, 0x0000000089b00000|  0%| F|  |TAMS 0x0000000089a00000| PB 0x0000000089a00000| Untracked 
| 155|0x0000000089b00000, 0x0000000089b00000, 0x0000000089c00000|  0%| F|  |TAMS 0x0000000089b00000| PB 0x0000000089b00000| Untracked 
| 156|0x0000000089c00000, 0x0000000089c00000, 0x0000000089d00000|  0%| F|  |TAMS 0x0000000089c00000| PB 0x0000000089c00000| Untracked 
| 157|0x0000000089d00000, 0x0000000089d00000, 0x0000000089e00000|  0%| F|  |TAMS 0x0000000089d00000| PB 0x0000000089d00000| Untracked 
| 158|0x0000000089e00000, 0x0000000089e00000, 0x0000000089f00000|  0%| F|  |TAMS 0x0000000089e00000| PB 0x0000000089e00000| Untracked 
| 159|0x0000000089f00000, 0x0000000089f00000, 0x000000008a000000|  0%| F|  |TAMS 0x0000000089f00000| PB 0x0000000089f00000| Untracked 
| 160|0x000000008a000000, 0x000000008a000000, 0x000000008a100000|  0%| F|  |TAMS 0x000000008a000000| PB 0x000000008a000000| Untracked 
| 161|0x000000008a100000, 0x000000008a100000, 0x000000008a200000|  0%| F|  |TAMS 0x000000008a100000| PB 0x000000008a100000| Untracked 
| 162|0x000000008a200000, 0x000000008a200000, 0x000000008a300000|  0%| F|  |TAMS 0x000000008a200000| PB 0x000000008a200000| Untracked 
| 163|0x000000008a300000, 0x000000008a300000, 0x000000008a400000|  0%| F|  |TAMS 0x000000008a300000| PB 0x000000008a300000| Untracked 
| 164|0x000000008a400000, 0x000000008a400000, 0x000000008a500000|  0%| F|  |TAMS 0x000000008a400000| PB 0x000000008a400000| Untracked 
| 165|0x000000008a500000, 0x000000008a500000, 0x000000008a600000|  0%| F|  |TAMS 0x000000008a500000| PB 0x000000008a500000| Untracked 
| 166|0x000000008a600000, 0x000000008a600000, 0x000000008a700000|  0%| F|  |TAMS 0x000000008a600000| PB 0x000000008a600000| Untracked 
| 167|0x000000008a700000, 0x000000008a700000, 0x000000008a800000|  0%| F|  |TAMS 0x000000008a700000| PB 0x000000008a700000| Untracked 
| 168|0x000000008a800000, 0x000000008a800000, 0x000000008a900000|  0%| F|  |TAMS 0x000000008a800000| PB 0x000000008a800000| Untracked 
| 169|0x000000008a900000, 0x000000008a900000, 0x000000008aa00000|  0%| F|  |TAMS 0x000000008a900000| PB 0x000000008a900000| Untracked 
| 170|0x000000008aa00000, 0x000000008aa00000, 0x000000008ab00000|  0%| F|  |TAMS 0x000000008aa00000| PB 0x000000008aa00000| Untracked 
| 171|0x000000008ab00000, 0x000000008ab00000, 0x000000008ac00000|  0%| F|  |TAMS 0x000000008ab00000| PB 0x000000008ab00000| Untracked 
| 172|0x000000008ac00000, 0x000000008ac00000, 0x000000008ad00000|  0%| F|  |TAMS 0x000000008ac00000| PB 0x000000008ac00000| Untracked 
| 173|0x000000008ad00000, 0x000000008ad00000, 0x000000008ae00000|  0%| F|  |TAMS 0x000000008ad00000| PB 0x000000008ad00000| Untracked 
| 174|0x000000008ae00000, 0x000000008ae00000, 0x000000008af00000|  0%| F|  |TAMS 0x000000008ae00000| PB 0x000000008ae00000| Untracked 
| 175|0x000000008af00000, 0x000000008af00000, 0x000000008b000000|  0%| F|  |TAMS 0x000000008af00000| PB 0x000000008af00000| Untracked 
| 176|0x000000008b000000, 0x000000008b000000, 0x000000008b100000|  0%| F|  |TAMS 0x000000008b000000| PB 0x000000008b000000| Untracked 
| 177|0x000000008b100000, 0x000000008b100000, 0x000000008b200000|  0%| F|  |TAMS 0x000000008b100000| PB 0x000000008b100000| Untracked 
| 178|0x000000008b200000, 0x000000008b200000, 0x000000008b300000|  0%| F|  |TAMS 0x000000008b200000| PB 0x000000008b200000| Untracked 
| 179|0x000000008b300000, 0x000000008b300000, 0x000000008b400000|  0%| F|  |TAMS 0x000000008b300000| PB 0x000000008b300000| Untracked 
| 180|0x000000008b400000, 0x000000008b400000, 0x000000008b500000|  0%| F|  |TAMS 0x000000008b400000| PB 0x000000008b400000| Untracked 
| 181|0x000000008b500000, 0x000000008b500000, 0x000000008b600000|  0%| F|  |TAMS 0x000000008b500000| PB 0x000000008b500000| Untracked 
| 182|0x000000008b600000, 0x000000008b600000, 0x000000008b700000|  0%| F|  |TAMS 0x000000008b600000| PB 0x000000008b600000| Untracked 
| 183|0x000000008b700000, 0x000000008b700000, 0x000000008b800000|  0%| F|  |TAMS 0x000000008b700000| PB 0x000000008b700000| Untracked 
| 184|0x000000008b800000, 0x000000008b800000, 0x000000008b900000|  0%| F|  |TAMS 0x000000008b800000| PB 0x000000008b800000| Untracked 
| 185|0x000000008b900000, 0x000000008b900000, 0x000000008ba00000|  0%| F|  |TAMS 0x000000008b900000| PB 0x000000008b900000| Untracked 
| 186|0x000000008ba00000, 0x000000008ba00000, 0x000000008bb00000|  0%| F|  |TAMS 0x000000008ba00000| PB 0x000000008ba00000| Untracked 
| 187|0x000000008bb00000, 0x000000008bb00000, 0x000000008bc00000|  0%| F|  |TAMS 0x000000008bb00000| PB 0x000000008bb00000| Untracked 
| 188|0x000000008bc00000, 0x000000008bd00000, 0x000000008bd00000|100%| S|CS|TAMS 0x000000008bc00000| PB 0x000000008bc00000| Complete 
| 189|0x000000008bd00000, 0x000000008be00000, 0x000000008be00000|100%| S|CS|TAMS 0x000000008bd00000| PB 0x000000008bd00000| Complete 
| 190|0x000000008be00000, 0x000000008bf00000, 0x000000008bf00000|100%| S|CS|TAMS 0x000000008be00000| PB 0x000000008be00000| Complete 
| 191|0x000000008bf00000, 0x000000008c000000, 0x000000008c000000|100%| S|CS|TAMS 0x000000008bf00000| PB 0x000000008bf00000| Complete 
| 192|0x000000008c000000, 0x000000008c100000, 0x000000008c100000|100%| S|CS|TAMS 0x000000008c000000| PB 0x000000008c000000| Complete 
| 193|0x000000008c100000, 0x000000008c200000, 0x000000008c200000|100%| S|CS|TAMS 0x000000008c100000| PB 0x000000008c100000| Complete 
| 194|0x000000008c200000, 0x000000008c300000, 0x000000008c300000|100%| S|CS|TAMS 0x000000008c200000| PB 0x000000008c200000| Complete 
| 195|0x000000008c300000, 0x000000008c400000, 0x000000008c400000|100%| S|CS|TAMS 0x000000008c300000| PB 0x000000008c300000| Complete 
| 196|0x000000008c400000, 0x000000008c500000, 0x000000008c500000|100%| S|CS|TAMS 0x000000008c400000| PB 0x000000008c400000| Complete 
| 197|0x000000008c500000, 0x000000008c600000, 0x000000008c600000|100%| S|CS|TAMS 0x000000008c500000| PB 0x000000008c500000| Complete 
| 198|0x000000008c600000, 0x000000008c700000, 0x000000008c700000|100%| S|CS|TAMS 0x000000008c600000| PB 0x000000008c600000| Complete 
| 199|0x000000008c700000, 0x000000008c800000, 0x000000008c800000|100%| S|CS|TAMS 0x000000008c700000| PB 0x000000008c700000| Complete 
| 200|0x000000008c800000, 0x000000008c900000, 0x000000008c900000|100%| S|CS|TAMS 0x000000008c800000| PB 0x000000008c800000| Complete 
| 201|0x000000008c900000, 0x000000008ca00000, 0x000000008ca00000|100%| S|CS|TAMS 0x000000008c900000| PB 0x000000008c900000| Complete 
| 202|0x000000008ca00000, 0x000000008cb00000, 0x000000008cb00000|100%| S|CS|TAMS 0x000000008ca00000| PB 0x000000008ca00000| Complete 
| 203|0x000000008cb00000, 0x000000008cc00000, 0x000000008cc00000|100%| S|CS|TAMS 0x000000008cb00000| PB 0x000000008cb00000| Complete 
| 204|0x000000008cc00000, 0x000000008cd00000, 0x000000008cd00000|100%| S|CS|TAMS 0x000000008cc00000| PB 0x000000008cc00000| Complete 
| 205|0x000000008cd00000, 0x000000008ce00000, 0x000000008ce00000|100%| S|CS|TAMS 0x000000008cd00000| PB 0x000000008cd00000| Complete 
| 206|0x000000008ce00000, 0x000000008cf00000, 0x000000008cf00000|100%| S|CS|TAMS 0x000000008ce00000| PB 0x000000008ce00000| Complete 
| 207|0x000000008cf00000, 0x000000008d000000, 0x000000008d000000|100%| S|CS|TAMS 0x000000008cf00000| PB 0x000000008cf00000| Complete 
| 208|0x000000008d000000, 0x000000008d100000, 0x000000008d100000|100%| S|CS|TAMS 0x000000008d000000| PB 0x000000008d000000| Complete 
| 209|0x000000008d100000, 0x000000008d200000, 0x000000008d200000|100%| S|CS|TAMS 0x000000008d100000| PB 0x000000008d100000| Complete 
| 210|0x000000008d200000, 0x000000008d300000, 0x000000008d300000|100%| S|CS|TAMS 0x000000008d200000| PB 0x000000008d200000| Complete 
| 211|0x000000008d300000, 0x000000008d400000, 0x000000008d400000|100%| S|CS|TAMS 0x000000008d300000| PB 0x000000008d300000| Complete 
| 212|0x000000008d400000, 0x000000008d500000, 0x000000008d500000|100%| S|CS|TAMS 0x000000008d400000| PB 0x000000008d400000| Complete 
| 213|0x000000008d500000, 0x000000008d600000, 0x000000008d600000|100%| S|CS|TAMS 0x000000008d500000| PB 0x000000008d500000| Complete 
| 214|0x000000008d600000, 0x000000008d700000, 0x000000008d700000|100%| S|CS|TAMS 0x000000008d600000| PB 0x000000008d600000| Complete 
| 215|0x000000008d700000, 0x000000008d800000, 0x000000008d800000|100%| S|CS|TAMS 0x000000008d700000| PB 0x000000008d700000| Complete 
| 216|0x000000008d800000, 0x000000008d900000, 0x000000008d900000|100%| S|CS|TAMS 0x000000008d800000| PB 0x000000008d800000| Complete 
| 217|0x000000008d900000, 0x000000008da00000, 0x000000008da00000|100%| S|CS|TAMS 0x000000008d900000| PB 0x000000008d900000| Complete 
| 218|0x000000008da00000, 0x000000008da00000, 0x000000008db00000|  0%| F|  |TAMS 0x000000008da00000| PB 0x000000008da00000| Untracked 
| 219|0x000000008db00000, 0x000000008db00000, 0x000000008dc00000|  0%| F|  |TAMS 0x000000008db00000| PB 0x000000008db00000| Untracked 
| 220|0x000000008dc00000, 0x000000008dc00000, 0x000000008dd00000|  0%| F|  |TAMS 0x000000008dc00000| PB 0x000000008dc00000| Untracked 
| 221|0x000000008dd00000, 0x000000008dd00000, 0x000000008de00000|  0%| F|  |TAMS 0x000000008dd00000| PB 0x000000008dd00000| Untracked 
| 222|0x000000008de00000, 0x000000008de00000, 0x000000008df00000|  0%| F|  |TAMS 0x000000008de00000| PB 0x000000008de00000| Untracked 
| 223|0x000000008df00000, 0x000000008df00000, 0x000000008e000000|  0%| F|  |TAMS 0x000000008df00000| PB 0x000000008df00000| Untracked 
| 224|0x000000008e000000, 0x000000008e000000, 0x000000008e100000|  0%| F|  |TAMS 0x000000008e000000| PB 0x000000008e000000| Untracked 
| 225|0x000000008e100000, 0x000000008e100000, 0x000000008e200000|  0%| F|  |TAMS 0x000000008e100000| PB 0x000000008e100000| Untracked 
| 226|0x000000008e200000, 0x000000008e200000, 0x000000008e300000|  0%| F|  |TAMS 0x000000008e200000| PB 0x000000008e200000| Untracked 
| 227|0x000000008e300000, 0x000000008e300000, 0x000000008e400000|  0%| F|  |TAMS 0x000000008e300000| PB 0x000000008e300000| Untracked 
| 228|0x000000008e400000, 0x000000008e400000, 0x000000008e500000|  0%| F|  |TAMS 0x000000008e400000| PB 0x000000008e400000| Untracked 
| 229|0x000000008e500000, 0x000000008e500000, 0x000000008e600000|  0%| F|  |TAMS 0x000000008e500000| PB 0x000000008e500000| Untracked 
| 230|0x000000008e600000, 0x000000008e600000, 0x000000008e700000|  0%| F|  |TAMS 0x000000008e600000| PB 0x000000008e600000| Untracked 
| 231|0x000000008e700000, 0x000000008e700000, 0x000000008e800000|  0%| F|  |TAMS 0x000000008e700000| PB 0x000000008e700000| Untracked 
| 232|0x000000008e800000, 0x000000008e800000, 0x000000008e900000|  0%| F|  |TAMS 0x000000008e800000| PB 0x000000008e800000| Untracked 
| 233|0x000000008e900000, 0x000000008e900000, 0x000000008ea00000|  0%| F|  |TAMS 0x000000008e900000| PB 0x000000008e900000| Untracked 
| 234|0x000000008ea00000, 0x000000008ea00000, 0x000000008eb00000|  0%| F|  |TAMS 0x000000008ea00000| PB 0x000000008ea00000| Untracked 
| 235|0x000000008eb00000, 0x000000008eb00000, 0x000000008ec00000|  0%| F|  |TAMS 0x000000008eb00000| PB 0x000000008eb00000| Untracked 
| 236|0x000000008ec00000, 0x000000008ec00000, 0x000000008ed00000|  0%| F|  |TAMS 0x000000008ec00000| PB 0x000000008ec00000| Untracked 
| 237|0x000000008ed00000, 0x000000008ed00000, 0x000000008ee00000|  0%| F|  |TAMS 0x000000008ed00000| PB 0x000000008ed00000| Untracked 
| 238|0x000000008ee00000, 0x000000008ee00000, 0x000000008ef00000|  0%| F|  |TAMS 0x000000008ee00000| PB 0x000000008ee00000| Untracked 
| 239|0x000000008ef00000, 0x000000008ef00000, 0x000000008f000000|  0%| F|  |TAMS 0x000000008ef00000| PB 0x000000008ef00000| Untracked 
| 240|0x000000008f000000, 0x000000008f000000, 0x000000008f100000|  0%| F|  |TAMS 0x000000008f000000| PB 0x000000008f000000| Untracked 
| 241|0x000000008f100000, 0x000000008f100000, 0x000000008f200000|  0%| F|  |TAMS 0x000000008f100000| PB 0x000000008f100000| Untracked 
| 242|0x000000008f200000, 0x000000008f200000, 0x000000008f300000|  0%| F|  |TAMS 0x000000008f200000| PB 0x000000008f200000| Untracked 
| 243|0x000000008f300000, 0x000000008f300000, 0x000000008f400000|  0%| F|  |TAMS 0x000000008f300000| PB 0x000000008f300000| Untracked 
| 244|0x000000008f400000, 0x000000008f400000, 0x000000008f500000|  0%| F|  |TAMS 0x000000008f400000| PB 0x000000008f400000| Untracked 
| 245|0x000000008f500000, 0x000000008f500000, 0x000000008f600000|  0%| F|  |TAMS 0x000000008f500000| PB 0x000000008f500000| Untracked 
| 246|0x000000008f600000, 0x000000008f600000, 0x000000008f700000|  0%| F|  |TAMS 0x000000008f600000| PB 0x000000008f600000| Untracked 
| 247|0x000000008f700000, 0x000000008f700000, 0x000000008f800000|  0%| F|  |TAMS 0x000000008f700000| PB 0x000000008f700000| Untracked 
| 248|0x000000008f800000, 0x000000008f800000, 0x000000008f900000|  0%| F|  |TAMS 0x000000008f800000| PB 0x000000008f800000| Untracked 
| 249|0x000000008f900000, 0x000000008f900000, 0x000000008fa00000|  0%| F|  |TAMS 0x000000008f900000| PB 0x000000008f900000| Untracked 
| 250|0x000000008fa00000, 0x000000008fa00000, 0x000000008fb00000|  0%| F|  |TAMS 0x000000008fa00000| PB 0x000000008fa00000| Untracked 
| 251|0x000000008fb00000, 0x000000008fb00000, 0x000000008fc00000|  0%| F|  |TAMS 0x000000008fb00000| PB 0x000000008fb00000| Untracked 
| 252|0x000000008fc00000, 0x000000008fc00000, 0x000000008fd00000|  0%| F|  |TAMS 0x000000008fc00000| PB 0x000000008fc00000| Untracked 
| 253|0x000000008fd00000, 0x000000008fd00000, 0x000000008fe00000|  0%| F|  |TAMS 0x000000008fd00000| PB 0x000000008fd00000| Untracked 
| 254|0x000000008fe00000, 0x000000008fe00000, 0x000000008ff00000|  0%| F|  |TAMS 0x000000008fe00000| PB 0x000000008fe00000| Untracked 
| 255|0x000000008ff00000, 0x000000008ff00000, 0x0000000090000000|  0%| F|  |TAMS 0x000000008ff00000| PB 0x000000008ff00000| Untracked 
| 256|0x0000000090000000, 0x0000000090000000, 0x0000000090100000|  0%| F|  |TAMS 0x0000000090000000| PB 0x0000000090000000| Untracked 
| 257|0x0000000090100000, 0x0000000090100000, 0x0000000090200000|  0%| F|  |TAMS 0x0000000090100000| PB 0x0000000090100000| Untracked 
| 258|0x0000000090200000, 0x0000000090200000, 0x0000000090300000|  0%| F|  |TAMS 0x0000000090200000| PB 0x0000000090200000| Untracked 
| 259|0x0000000090300000, 0x0000000090300000, 0x0000000090400000|  0%| F|  |TAMS 0x0000000090300000| PB 0x0000000090300000| Untracked 
| 260|0x0000000090400000, 0x0000000090400000, 0x0000000090500000|  0%| F|  |TAMS 0x0000000090400000| PB 0x0000000090400000| Untracked 
| 261|0x0000000090500000, 0x0000000090500000, 0x0000000090600000|  0%| F|  |TAMS 0x0000000090500000| PB 0x0000000090500000| Untracked 
| 262|0x0000000090600000, 0x0000000090600000, 0x0000000090700000|  0%| F|  |TAMS 0x0000000090600000| PB 0x0000000090600000| Untracked 
| 263|0x0000000090700000, 0x0000000090700000, 0x0000000090800000|  0%| F|  |TAMS 0x0000000090700000| PB 0x0000000090700000| Untracked 
| 264|0x0000000090800000, 0x0000000090800000, 0x0000000090900000|  0%| F|  |TAMS 0x0000000090800000| PB 0x0000000090800000| Untracked 
| 265|0x0000000090900000, 0x0000000090900000, 0x0000000090a00000|  0%| F|  |TAMS 0x0000000090900000| PB 0x0000000090900000| Untracked 
| 266|0x0000000090a00000, 0x0000000090a00000, 0x0000000090b00000|  0%| F|  |TAMS 0x0000000090a00000| PB 0x0000000090a00000| Untracked 
| 267|0x0000000090b00000, 0x0000000090b00000, 0x0000000090c00000|  0%| F|  |TAMS 0x0000000090b00000| PB 0x0000000090b00000| Untracked 
| 268|0x0000000090c00000, 0x0000000090c00000, 0x0000000090d00000|  0%| F|  |TAMS 0x0000000090c00000| PB 0x0000000090c00000| Untracked 
| 269|0x0000000090d00000, 0x0000000090d00000, 0x0000000090e00000|  0%| F|  |TAMS 0x0000000090d00000| PB 0x0000000090d00000| Untracked 
| 270|0x0000000090e00000, 0x0000000090e00000, 0x0000000090f00000|  0%| F|  |TAMS 0x0000000090e00000| PB 0x0000000090e00000| Untracked 
| 271|0x0000000090f00000, 0x0000000090f00000, 0x0000000091000000|  0%| F|  |TAMS 0x0000000090f00000| PB 0x0000000090f00000| Untracked 
| 272|0x0000000091000000, 0x0000000091000000, 0x0000000091100000|  0%| F|  |TAMS 0x0000000091000000| PB 0x0000000091000000| Untracked 
| 273|0x0000000091100000, 0x0000000091100000, 0x0000000091200000|  0%| F|  |TAMS 0x0000000091100000| PB 0x0000000091100000| Untracked 
| 274|0x0000000091200000, 0x0000000091200000, 0x0000000091300000|  0%| F|  |TAMS 0x0000000091200000| PB 0x0000000091200000| Untracked 
| 275|0x0000000091300000, 0x0000000091300000, 0x0000000091400000|  0%| F|  |TAMS 0x0000000091300000| PB 0x0000000091300000| Untracked 
| 276|0x0000000091400000, 0x0000000091400000, 0x0000000091500000|  0%| F|  |TAMS 0x0000000091400000| PB 0x0000000091400000| Untracked 
| 277|0x0000000091500000, 0x0000000091500000, 0x0000000091600000|  0%| F|  |TAMS 0x0000000091500000| PB 0x0000000091500000| Untracked 
| 278|0x0000000091600000, 0x0000000091600000, 0x0000000091700000|  0%| F|  |TAMS 0x0000000091600000| PB 0x0000000091600000| Untracked 
| 279|0x0000000091700000, 0x0000000091700000, 0x0000000091800000|  0%| F|  |TAMS 0x0000000091700000| PB 0x0000000091700000| Untracked 
| 280|0x0000000091800000, 0x0000000091800000, 0x0000000091900000|  0%| F|  |TAMS 0x0000000091800000| PB 0x0000000091800000| Untracked 
| 281|0x0000000091900000, 0x0000000091900000, 0x0000000091a00000|  0%| F|  |TAMS 0x0000000091900000| PB 0x0000000091900000| Untracked 
| 282|0x0000000091a00000, 0x0000000091a00000, 0x0000000091b00000|  0%| F|  |TAMS 0x0000000091a00000| PB 0x0000000091a00000| Untracked 
| 283|0x0000000091b00000, 0x0000000091b00000, 0x0000000091c00000|  0%| F|  |TAMS 0x0000000091b00000| PB 0x0000000091b00000| Untracked 
| 284|0x0000000091c00000, 0x0000000091c00000, 0x0000000091d00000|  0%| F|  |TAMS 0x0000000091c00000| PB 0x0000000091c00000| Untracked 
| 285|0x0000000091d00000, 0x0000000091d00000, 0x0000000091e00000|  0%| F|  |TAMS 0x0000000091d00000| PB 0x0000000091d00000| Untracked 
| 286|0x0000000091e00000, 0x0000000091e00000, 0x0000000091f00000|  0%| F|  |TAMS 0x0000000091e00000| PB 0x0000000091e00000| Untracked 
| 287|0x0000000091f00000, 0x0000000091f00000, 0x0000000092000000|  0%| F|  |TAMS 0x0000000091f00000| PB 0x0000000091f00000| Untracked 
| 288|0x0000000092000000, 0x0000000092000000, 0x0000000092100000|  0%| F|  |TAMS 0x0000000092000000| PB 0x0000000092000000| Untracked 
| 289|0x0000000092100000, 0x0000000092100000, 0x0000000092200000|  0%| F|  |TAMS 0x0000000092100000| PB 0x0000000092100000| Untracked 
| 290|0x0000000092200000, 0x0000000092200000, 0x0000000092300000|  0%| F|  |TAMS 0x0000000092200000| PB 0x0000000092200000| Untracked 
| 291|0x0000000092300000, 0x0000000092300000, 0x0000000092400000|  0%| F|  |TAMS 0x0000000092300000| PB 0x0000000092300000| Untracked 
| 292|0x0000000092400000, 0x0000000092400000, 0x0000000092500000|  0%| F|  |TAMS 0x0000000092400000| PB 0x0000000092400000| Untracked 
| 293|0x0000000092500000, 0x0000000092500000, 0x0000000092600000|  0%| F|  |TAMS 0x0000000092500000| PB 0x0000000092500000| Untracked 
| 294|0x0000000092600000, 0x0000000092600000, 0x0000000092700000|  0%| F|  |TAMS 0x0000000092600000| PB 0x0000000092600000| Untracked 
| 295|0x0000000092700000, 0x0000000092700000, 0x0000000092800000|  0%| F|  |TAMS 0x0000000092700000| PB 0x0000000092700000| Untracked 
| 296|0x0000000092800000, 0x0000000092800000, 0x0000000092900000|  0%| F|  |TAMS 0x0000000092800000| PB 0x0000000092800000| Untracked 
| 297|0x0000000092900000, 0x0000000092900000, 0x0000000092a00000|  0%| F|  |TAMS 0x0000000092900000| PB 0x0000000092900000| Untracked 
| 298|0x0000000092a00000, 0x0000000092a00000, 0x0000000092b00000|  0%| F|  |TAMS 0x0000000092a00000| PB 0x0000000092a00000| Untracked 
| 299|0x0000000092b00000, 0x0000000092b00000, 0x0000000092c00000|  0%| F|  |TAMS 0x0000000092b00000| PB 0x0000000092b00000| Untracked 
| 300|0x0000000092c00000, 0x0000000092c00000, 0x0000000092d00000|  0%| F|  |TAMS 0x0000000092c00000| PB 0x0000000092c00000| Untracked 
| 301|0x0000000092d00000, 0x0000000092d00000, 0x0000000092e00000|  0%| F|  |TAMS 0x0000000092d00000| PB 0x0000000092d00000| Untracked 
| 302|0x0000000092e00000, 0x0000000092e00000, 0x0000000092f00000|  0%| F|  |TAMS 0x0000000092e00000| PB 0x0000000092e00000| Untracked 
| 303|0x0000000092f00000, 0x0000000092f00000, 0x0000000093000000|  0%| F|  |TAMS 0x0000000092f00000| PB 0x0000000092f00000| Untracked 
| 304|0x0000000093000000, 0x0000000093000000, 0x0000000093100000|  0%| F|  |TAMS 0x0000000093000000| PB 0x0000000093000000| Untracked 
| 305|0x0000000093100000, 0x0000000093100000, 0x0000000093200000|  0%| F|  |TAMS 0x0000000093100000| PB 0x0000000093100000| Untracked 
| 306|0x0000000093200000, 0x0000000093200000, 0x0000000093300000|  0%| F|  |TAMS 0x0000000093200000| PB 0x0000000093200000| Untracked 
| 307|0x0000000093300000, 0x0000000093300000, 0x0000000093400000|  0%| F|  |TAMS 0x0000000093300000| PB 0x0000000093300000| Untracked 
| 308|0x0000000093400000, 0x0000000093400000, 0x0000000093500000|  0%| F|  |TAMS 0x0000000093400000| PB 0x0000000093400000| Untracked 
| 309|0x0000000093500000, 0x0000000093500000, 0x0000000093600000|  0%| F|  |TAMS 0x0000000093500000| PB 0x0000000093500000| Untracked 
| 310|0x0000000093600000, 0x0000000093600000, 0x0000000093700000|  0%| F|  |TAMS 0x0000000093600000| PB 0x0000000093600000| Untracked 
| 311|0x0000000093700000, 0x0000000093700000, 0x0000000093800000|  0%| F|  |TAMS 0x0000000093700000| PB 0x0000000093700000| Untracked 
| 312|0x0000000093800000, 0x0000000093800000, 0x0000000093900000|  0%| F|  |TAMS 0x0000000093800000| PB 0x0000000093800000| Untracked 
| 313|0x0000000093900000, 0x0000000093900000, 0x0000000093a00000|  0%| F|  |TAMS 0x0000000093900000| PB 0x0000000093900000| Untracked 
| 314|0x0000000093a00000, 0x0000000093a00000, 0x0000000093b00000|  0%| F|  |TAMS 0x0000000093a00000| PB 0x0000000093a00000| Untracked 
| 315|0x0000000093b00000, 0x0000000093b00000, 0x0000000093c00000|  0%| F|  |TAMS 0x0000000093b00000| PB 0x0000000093b00000| Untracked 
| 316|0x0000000093c00000, 0x0000000093c00000, 0x0000000093d00000|  0%| F|  |TAMS 0x0000000093c00000| PB 0x0000000093c00000| Untracked 
| 317|0x0000000093d00000, 0x0000000093d00000, 0x0000000093e00000|  0%| F|  |TAMS 0x0000000093d00000| PB 0x0000000093d00000| Untracked 
| 318|0x0000000093e00000, 0x0000000093e00000, 0x0000000093f00000|  0%| F|  |TAMS 0x0000000093e00000| PB 0x0000000093e00000| Untracked 
| 319|0x0000000093f00000, 0x0000000093f00000, 0x0000000094000000|  0%| F|  |TAMS 0x0000000093f00000| PB 0x0000000093f00000| Untracked 
| 320|0x0000000094000000, 0x0000000094000000, 0x0000000094100000|  0%| F|  |TAMS 0x0000000094000000| PB 0x0000000094000000| Untracked 
| 321|0x0000000094100000, 0x0000000094100000, 0x0000000094200000|  0%| F|  |TAMS 0x0000000094100000| PB 0x0000000094100000| Untracked 
| 322|0x0000000094200000, 0x0000000094200000, 0x0000000094300000|  0%| F|  |TAMS 0x0000000094200000| PB 0x0000000094200000| Untracked 
| 323|0x0000000094300000, 0x0000000094300000, 0x0000000094400000|  0%| F|  |TAMS 0x0000000094300000| PB 0x0000000094300000| Untracked 
| 324|0x0000000094400000, 0x0000000094400000, 0x0000000094500000|  0%| F|  |TAMS 0x0000000094400000| PB 0x0000000094400000| Untracked 
| 325|0x0000000094500000, 0x0000000094500000, 0x0000000094600000|  0%| F|  |TAMS 0x0000000094500000| PB 0x0000000094500000| Untracked 
| 326|0x0000000094600000, 0x0000000094600000, 0x0000000094700000|  0%| F|  |TAMS 0x0000000094600000| PB 0x0000000094600000| Untracked 
| 327|0x0000000094700000, 0x0000000094700000, 0x0000000094800000|  0%| F|  |TAMS 0x0000000094700000| PB 0x0000000094700000| Untracked 
| 328|0x0000000094800000, 0x0000000094800000, 0x0000000094900000|  0%| F|  |TAMS 0x0000000094800000| PB 0x0000000094800000| Untracked 
| 329|0x0000000094900000, 0x0000000094900000, 0x0000000094a00000|  0%| F|  |TAMS 0x0000000094900000| PB 0x0000000094900000| Untracked 
| 330|0x0000000094a00000, 0x0000000094a00000, 0x0000000094b00000|  0%| F|  |TAMS 0x0000000094a00000| PB 0x0000000094a00000| Untracked 
| 331|0x0000000094b00000, 0x0000000094b00000, 0x0000000094c00000|  0%| F|  |TAMS 0x0000000094b00000| PB 0x0000000094b00000| Untracked 
| 332|0x0000000094c00000, 0x0000000094c00000, 0x0000000094d00000|  0%| F|  |TAMS 0x0000000094c00000| PB 0x0000000094c00000| Untracked 
| 333|0x0000000094d00000, 0x0000000094d00000, 0x0000000094e00000|  0%| F|  |TAMS 0x0000000094d00000| PB 0x0000000094d00000| Untracked 
| 334|0x0000000094e00000, 0x0000000094e00000, 0x0000000094f00000|  0%| F|  |TAMS 0x0000000094e00000| PB 0x0000000094e00000| Untracked 
| 335|0x0000000094f00000, 0x0000000094f00000, 0x0000000095000000|  0%| F|  |TAMS 0x0000000094f00000| PB 0x0000000094f00000| Untracked 
| 336|0x0000000095000000, 0x0000000095000000, 0x0000000095100000|  0%| F|  |TAMS 0x0000000095000000| PB 0x0000000095000000| Untracked 
| 337|0x0000000095100000, 0x0000000095100000, 0x0000000095200000|  0%| F|  |TAMS 0x0000000095100000| PB 0x0000000095100000| Untracked 
| 338|0x0000000095200000, 0x0000000095200000, 0x0000000095300000|  0%| F|  |TAMS 0x0000000095200000| PB 0x0000000095200000| Untracked 
| 339|0x0000000095300000, 0x0000000095300000, 0x0000000095400000|  0%| F|  |TAMS 0x0000000095300000| PB 0x0000000095300000| Untracked 
| 340|0x0000000095400000, 0x0000000095400000, 0x0000000095500000|  0%| F|  |TAMS 0x0000000095400000| PB 0x0000000095400000| Untracked 
| 341|0x0000000095500000, 0x0000000095500000, 0x0000000095600000|  0%| F|  |TAMS 0x0000000095500000| PB 0x0000000095500000| Untracked 
| 342|0x0000000095600000, 0x0000000095600000, 0x0000000095700000|  0%| F|  |TAMS 0x0000000095600000| PB 0x0000000095600000| Untracked 
| 343|0x0000000095700000, 0x0000000095700000, 0x0000000095800000|  0%| F|  |TAMS 0x0000000095700000| PB 0x0000000095700000| Untracked 
| 344|0x0000000095800000, 0x0000000095800000, 0x0000000095900000|  0%| F|  |TAMS 0x0000000095800000| PB 0x0000000095800000| Untracked 
| 345|0x0000000095900000, 0x0000000095900000, 0x0000000095a00000|  0%| F|  |TAMS 0x0000000095900000| PB 0x0000000095900000| Untracked 
| 346|0x0000000095a00000, 0x0000000095a00000, 0x0000000095b00000|  0%| F|  |TAMS 0x0000000095a00000| PB 0x0000000095a00000| Untracked 
| 347|0x0000000095b00000, 0x0000000095b00000, 0x0000000095c00000|  0%| F|  |TAMS 0x0000000095b00000| PB 0x0000000095b00000| Untracked 
| 348|0x0000000095c00000, 0x0000000095c00000, 0x0000000095d00000|  0%| F|  |TAMS 0x0000000095c00000| PB 0x0000000095c00000| Untracked 
| 349|0x0000000095d00000, 0x0000000095d00000, 0x0000000095e00000|  0%| F|  |TAMS 0x0000000095d00000| PB 0x0000000095d00000| Untracked 
| 350|0x0000000095e00000, 0x0000000095e00000, 0x0000000095f00000|  0%| F|  |TAMS 0x0000000095e00000| PB 0x0000000095e00000| Untracked 
| 351|0x0000000095f00000, 0x0000000095f00000, 0x0000000096000000|  0%| F|  |TAMS 0x0000000095f00000| PB 0x0000000095f00000| Untracked 
| 352|0x0000000096000000, 0x0000000096000000, 0x0000000096100000|  0%| F|  |TAMS 0x0000000096000000| PB 0x0000000096000000| Untracked 
| 353|0x0000000096100000, 0x0000000096100000, 0x0000000096200000|  0%| F|  |TAMS 0x0000000096100000| PB 0x0000000096100000| Untracked 
| 354|0x0000000096200000, 0x0000000096200000, 0x0000000096300000|  0%| F|  |TAMS 0x0000000096200000| PB 0x0000000096200000| Untracked 
| 355|0x0000000096300000, 0x0000000096300000, 0x0000000096400000|  0%| F|  |TAMS 0x0000000096300000| PB 0x0000000096300000| Untracked 
| 356|0x0000000096400000, 0x0000000096400000, 0x0000000096500000|  0%| F|  |TAMS 0x0000000096400000| PB 0x0000000096400000| Untracked 
| 357|0x0000000096500000, 0x0000000096500000, 0x0000000096600000|  0%| F|  |TAMS 0x0000000096500000| PB 0x0000000096500000| Untracked 
| 358|0x0000000096600000, 0x0000000096600000, 0x0000000096700000|  0%| F|  |TAMS 0x0000000096600000| PB 0x0000000096600000| Untracked 
| 359|0x0000000096700000, 0x0000000096700000, 0x0000000096800000|  0%| F|  |TAMS 0x0000000096700000| PB 0x0000000096700000| Untracked 
| 360|0x0000000096800000, 0x0000000096800000, 0x0000000096900000|  0%| F|  |TAMS 0x0000000096800000| PB 0x0000000096800000| Untracked 
| 361|0x0000000096900000, 0x0000000096900000, 0x0000000096a00000|  0%| F|  |TAMS 0x0000000096900000| PB 0x0000000096900000| Untracked 
| 362|0x0000000096a00000, 0x0000000096a00000, 0x0000000096b00000|  0%| F|  |TAMS 0x0000000096a00000| PB 0x0000000096a00000| Untracked 
| 363|0x0000000096b00000, 0x0000000096b00000, 0x0000000096c00000|  0%| F|  |TAMS 0x0000000096b00000| PB 0x0000000096b00000| Untracked 
| 364|0x0000000096c00000, 0x0000000096c00000, 0x0000000096d00000|  0%| F|  |TAMS 0x0000000096c00000| PB 0x0000000096c00000| Untracked 
| 365|0x0000000096d00000, 0x0000000096d00000, 0x0000000096e00000|  0%| F|  |TAMS 0x0000000096d00000| PB 0x0000000096d00000| Untracked 
| 366|0x0000000096e00000, 0x0000000096e00000, 0x0000000096f00000|  0%| F|  |TAMS 0x0000000096e00000| PB 0x0000000096e00000| Untracked 
| 367|0x0000000096f00000, 0x0000000096f00000, 0x0000000097000000|  0%| F|  |TAMS 0x0000000096f00000| PB 0x0000000096f00000| Untracked 
| 368|0x0000000097000000, 0x0000000097000000, 0x0000000097100000|  0%| F|  |TAMS 0x0000000097000000| PB 0x0000000097000000| Untracked 
| 369|0x0000000097100000, 0x0000000097100000, 0x0000000097200000|  0%| F|  |TAMS 0x0000000097100000| PB 0x0000000097100000| Untracked 
| 370|0x0000000097200000, 0x0000000097200000, 0x0000000097300000|  0%| F|  |TAMS 0x0000000097200000| PB 0x0000000097200000| Untracked 
| 371|0x0000000097300000, 0x0000000097300000, 0x0000000097400000|  0%| F|  |TAMS 0x0000000097300000| PB 0x0000000097300000| Untracked 
| 372|0x0000000097400000, 0x0000000097400000, 0x0000000097500000|  0%| F|  |TAMS 0x0000000097400000| PB 0x0000000097400000| Untracked 
| 373|0x0000000097500000, 0x0000000097500000, 0x0000000097600000|  0%| F|  |TAMS 0x0000000097500000| PB 0x0000000097500000| Untracked 
| 374|0x0000000097600000, 0x0000000097600000, 0x0000000097700000|  0%| F|  |TAMS 0x0000000097600000| PB 0x0000000097600000| Untracked 
| 375|0x0000000097700000, 0x00000000977e92e8, 0x0000000097800000| 91%| E|  |TAMS 0x0000000097700000| PB 0x0000000097700000| Complete 
| 376|0x0000000097800000, 0x0000000097900000, 0x0000000097900000|100%| E|CS|TAMS 0x0000000097800000| PB 0x0000000097800000| Complete 
| 377|0x0000000097900000, 0x0000000097a00000, 0x0000000097a00000|100%| E|CS|TAMS 0x0000000097900000| PB 0x0000000097900000| Complete 
| 378|0x0000000097a00000, 0x0000000097b00000, 0x0000000097b00000|100%| E|CS|TAMS 0x0000000097a00000| PB 0x0000000097a00000| Complete 
| 379|0x0000000097b00000, 0x0000000097c00000, 0x0000000097c00000|100%| E|CS|TAMS 0x0000000097b00000| PB 0x0000000097b00000| Complete 
| 380|0x0000000097c00000, 0x0000000097d00000, 0x0000000097d00000|100%| E|CS|TAMS 0x0000000097c00000| PB 0x0000000097c00000| Complete 
| 381|0x0000000097d00000, 0x0000000097e00000, 0x0000000097e00000|100%| E|CS|TAMS 0x0000000097d00000| PB 0x0000000097d00000| Complete 
| 382|0x0000000097e00000, 0x0000000097f00000, 0x0000000097f00000|100%| E|CS|TAMS 0x0000000097e00000| PB 0x0000000097e00000| Complete 
| 383|0x0000000097f00000, 0x0000000098000000, 0x0000000098000000|100%| E|CS|TAMS 0x0000000097f00000| PB 0x0000000097f00000| Complete 
| 384|0x0000000098000000, 0x0000000098100000, 0x0000000098100000|100%| E|  |TAMS 0x0000000098000000| PB 0x0000000098000000| Complete 
| 385|0x0000000098100000, 0x0000000098200000, 0x0000000098200000|100%| E|CS|TAMS 0x0000000098100000| PB 0x0000000098100000| Complete 
| 386|0x0000000098200000, 0x0000000098300000, 0x0000000098300000|100%| E|CS|TAMS 0x0000000098200000| PB 0x0000000098200000| Complete 
| 387|0x0000000098300000, 0x0000000098400000, 0x0000000098400000|100%| E|CS|TAMS 0x0000000098300000| PB 0x0000000098300000| Complete 
| 388|0x0000000098400000, 0x0000000098500000, 0x0000000098500000|100%| E|CS|TAMS 0x0000000098400000| PB 0x0000000098400000| Complete 
| 389|0x0000000098500000, 0x0000000098600000, 0x0000000098600000|100%| E|CS|TAMS 0x0000000098500000| PB 0x0000000098500000| Complete 
| 390|0x0000000098600000, 0x0000000098700000, 0x0000000098700000|100%| E|CS|TAMS 0x0000000098600000| PB 0x0000000098600000| Complete 
| 391|0x0000000098700000, 0x0000000098800000, 0x0000000098800000|100%| E|CS|TAMS 0x0000000098700000| PB 0x0000000098700000| Complete 
| 392|0x0000000098800000, 0x0000000098900000, 0x0000000098900000|100%| E|CS|TAMS 0x0000000098800000| PB 0x0000000098800000| Complete 
| 393|0x0000000098900000, 0x0000000098a00000, 0x0000000098a00000|100%| E|CS|TAMS 0x0000000098900000| PB 0x0000000098900000| Complete 
| 394|0x0000000098a00000, 0x0000000098b00000, 0x0000000098b00000|100%| E|CS|TAMS 0x0000000098a00000| PB 0x0000000098a00000| Complete 
| 395|0x0000000098b00000, 0x0000000098c00000, 0x0000000098c00000|100%| E|CS|TAMS 0x0000000098b00000| PB 0x0000000098b00000| Complete 
| 396|0x0000000098c00000, 0x0000000098d00000, 0x0000000098d00000|100%| E|CS|TAMS 0x0000000098c00000| PB 0x0000000098c00000| Complete 
| 397|0x0000000098d00000, 0x0000000098e00000, 0x0000000098e00000|100%| E|CS|TAMS 0x0000000098d00000| PB 0x0000000098d00000| Complete 
| 398|0x0000000098e00000, 0x0000000098f00000, 0x0000000098f00000|100%| E|CS|TAMS 0x0000000098e00000| PB 0x0000000098e00000| Complete 
| 399|0x0000000098f00000, 0x0000000099000000, 0x0000000099000000|100%| E|CS|TAMS 0x0000000098f00000| PB 0x0000000098f00000| Complete 
| 400|0x0000000099000000, 0x0000000099100000, 0x0000000099100000|100%| E|CS|TAMS 0x0000000099000000| PB 0x0000000099000000| Complete 
| 401|0x0000000099100000, 0x0000000099200000, 0x0000000099200000|100%| E|CS|TAMS 0x0000000099100000| PB 0x0000000099100000| Complete 
| 402|0x0000000099200000, 0x0000000099300000, 0x0000000099300000|100%| E|CS|TAMS 0x0000000099200000| PB 0x0000000099200000| Complete 
| 403|0x0000000099300000, 0x0000000099400000, 0x0000000099400000|100%| E|CS|TAMS 0x0000000099300000| PB 0x0000000099300000| Complete 
| 404|0x0000000099400000, 0x0000000099500000, 0x0000000099500000|100%| E|CS|TAMS 0x0000000099400000| PB 0x0000000099400000| Complete 
| 405|0x0000000099500000, 0x0000000099600000, 0x0000000099600000|100%| E|CS|TAMS 0x0000000099500000| PB 0x0000000099500000| Complete 
| 406|0x0000000099600000, 0x0000000099700000, 0x0000000099700000|100%| E|CS|TAMS 0x0000000099600000| PB 0x0000000099600000| Complete 
| 407|0x0000000099700000, 0x0000000099800000, 0x0000000099800000|100%| E|CS|TAMS 0x0000000099700000| PB 0x0000000099700000| Complete 
| 408|0x0000000099800000, 0x0000000099900000, 0x0000000099900000|100%| E|CS|TAMS 0x0000000099800000| PB 0x0000000099800000| Complete 
| 409|0x0000000099900000, 0x0000000099a00000, 0x0000000099a00000|100%| E|CS|TAMS 0x0000000099900000| PB 0x0000000099900000| Complete 
| 410|0x0000000099a00000, 0x0000000099b00000, 0x0000000099b00000|100%| E|CS|TAMS 0x0000000099a00000| PB 0x0000000099a00000| Complete 
| 411|0x0000000099b00000, 0x0000000099c00000, 0x0000000099c00000|100%| E|CS|TAMS 0x0000000099b00000| PB 0x0000000099b00000| Complete 
| 412|0x0000000099c00000, 0x0000000099d00000, 0x0000000099d00000|100%| E|CS|TAMS 0x0000000099c00000| PB 0x0000000099c00000| Complete 
| 413|0x0000000099d00000, 0x0000000099e00000, 0x0000000099e00000|100%| E|CS|TAMS 0x0000000099d00000| PB 0x0000000099d00000| Complete 
| 414|0x0000000099e00000, 0x0000000099f00000, 0x0000000099f00000|100%| E|CS|TAMS 0x0000000099e00000| PB 0x0000000099e00000| Complete 
| 415|0x0000000099f00000, 0x000000009a000000, 0x000000009a000000|100%| E|CS|TAMS 0x0000000099f00000| PB 0x0000000099f00000| Complete 
| 416|0x000000009a000000, 0x000000009a100000, 0x000000009a100000|100%| E|CS|TAMS 0x000000009a000000| PB 0x000000009a000000| Complete 
| 417|0x000000009a100000, 0x000000009a200000, 0x000000009a200000|100%| E|CS|TAMS 0x000000009a100000| PB 0x000000009a100000| Complete 
| 418|0x000000009a200000, 0x000000009a300000, 0x000000009a300000|100%| E|CS|TAMS 0x000000009a200000| PB 0x000000009a200000| Complete 
| 419|0x000000009a300000, 0x000000009a400000, 0x000000009a400000|100%| E|CS|TAMS 0x000000009a300000| PB 0x000000009a300000| Complete 
| 420|0x000000009a400000, 0x000000009a500000, 0x000000009a500000|100%| E|CS|TAMS 0x000000009a400000| PB 0x000000009a400000| Complete 
| 421|0x000000009a500000, 0x000000009a600000, 0x000000009a600000|100%| E|CS|TAMS 0x000000009a500000| PB 0x000000009a500000| Complete 
| 422|0x000000009a600000, 0x000000009a700000, 0x000000009a700000|100%| E|CS|TAMS 0x000000009a600000| PB 0x000000009a600000| Complete 
| 423|0x000000009a700000, 0x000000009a800000, 0x000000009a800000|100%| E|CS|TAMS 0x000000009a700000| PB 0x000000009a700000| Complete 
| 424|0x000000009a800000, 0x000000009a900000, 0x000000009a900000|100%| E|CS|TAMS 0x000000009a800000| PB 0x000000009a800000| Complete 
| 425|0x000000009a900000, 0x000000009aa00000, 0x000000009aa00000|100%| E|CS|TAMS 0x000000009a900000| PB 0x000000009a900000| Complete 
| 426|0x000000009aa00000, 0x000000009ab00000, 0x000000009ab00000|100%| E|CS|TAMS 0x000000009aa00000| PB 0x000000009aa00000| Complete 
| 427|0x000000009ab00000, 0x000000009ac00000, 0x000000009ac00000|100%| E|CS|TAMS 0x000000009ab00000| PB 0x000000009ab00000| Complete 
| 428|0x000000009ac00000, 0x000000009ad00000, 0x000000009ad00000|100%| E|CS|TAMS 0x000000009ac00000| PB 0x000000009ac00000| Complete 
| 429|0x000000009ad00000, 0x000000009ae00000, 0x000000009ae00000|100%| E|CS|TAMS 0x000000009ad00000| PB 0x000000009ad00000| Complete 
| 430|0x000000009ae00000, 0x000000009af00000, 0x000000009af00000|100%| E|CS|TAMS 0x000000009ae00000| PB 0x000000009ae00000| Complete 
| 431|0x000000009af00000, 0x000000009b000000, 0x000000009b000000|100%| E|CS|TAMS 0x000000009af00000| PB 0x000000009af00000| Complete 
| 432|0x000000009b000000, 0x000000009b100000, 0x000000009b100000|100%| E|CS|TAMS 0x000000009b000000| PB 0x000000009b000000| Complete 
| 433|0x000000009b100000, 0x000000009b200000, 0x000000009b200000|100%| E|CS|TAMS 0x000000009b100000| PB 0x000000009b100000| Complete 
| 434|0x000000009b200000, 0x000000009b300000, 0x000000009b300000|100%| E|CS|TAMS 0x000000009b200000| PB 0x000000009b200000| Complete 
| 435|0x000000009b300000, 0x000000009b400000, 0x000000009b400000|100%| E|CS|TAMS 0x000000009b300000| PB 0x000000009b300000| Complete 
| 436|0x000000009b400000, 0x000000009b500000, 0x000000009b500000|100%| E|CS|TAMS 0x000000009b400000| PB 0x000000009b400000| Complete 
| 437|0x000000009b500000, 0x000000009b600000, 0x000000009b600000|100%| E|CS|TAMS 0x000000009b500000| PB 0x000000009b500000| Complete 
| 438|0x000000009b600000, 0x000000009b700000, 0x000000009b700000|100%| E|CS|TAMS 0x000000009b600000| PB 0x000000009b600000| Complete 
| 439|0x000000009b700000, 0x000000009b800000, 0x000000009b800000|100%| E|CS|TAMS 0x000000009b700000| PB 0x000000009b700000| Complete 
| 440|0x000000009b800000, 0x000000009b900000, 0x000000009b900000|100%| E|CS|TAMS 0x000000009b800000| PB 0x000000009b800000| Complete 
| 441|0x000000009b900000, 0x000000009ba00000, 0x000000009ba00000|100%| E|CS|TAMS 0x000000009b900000| PB 0x000000009b900000| Complete 
| 442|0x000000009ba00000, 0x000000009bb00000, 0x000000009bb00000|100%| E|CS|TAMS 0x000000009ba00000| PB 0x000000009ba00000| Complete 
| 443|0x000000009bb00000, 0x000000009bc00000, 0x000000009bc00000|100%| E|CS|TAMS 0x000000009bb00000| PB 0x000000009bb00000| Complete 
| 444|0x000000009bc00000, 0x000000009bd00000, 0x000000009bd00000|100%| E|CS|TAMS 0x000000009bc00000| PB 0x000000009bc00000| Complete 
| 445|0x000000009bd00000, 0x000000009be00000, 0x000000009be00000|100%| E|CS|TAMS 0x000000009bd00000| PB 0x000000009bd00000| Complete 
| 446|0x000000009be00000, 0x000000009bf00000, 0x000000009bf00000|100%| E|CS|TAMS 0x000000009be00000| PB 0x000000009be00000| Complete 
| 447|0x000000009bf00000, 0x000000009c000000, 0x000000009c000000|100%| E|CS|TAMS 0x000000009bf00000| PB 0x000000009bf00000| Complete 
| 448|0x000000009c000000, 0x000000009c100000, 0x000000009c100000|100%| E|CS|TAMS 0x000000009c000000| PB 0x000000009c000000| Complete 
| 449|0x000000009c100000, 0x000000009c200000, 0x000000009c200000|100%| E|CS|TAMS 0x000000009c100000| PB 0x000000009c100000| Complete 
| 450|0x000000009c200000, 0x000000009c300000, 0x000000009c300000|100%| E|CS|TAMS 0x000000009c200000| PB 0x000000009c200000| Complete 
| 451|0x000000009c300000, 0x000000009c400000, 0x000000009c400000|100%| E|CS|TAMS 0x000000009c300000| PB 0x000000009c300000| Complete 
| 452|0x000000009c400000, 0x000000009c500000, 0x000000009c500000|100%| E|CS|TAMS 0x000000009c400000| PB 0x000000009c400000| Complete 
|2044|0x00000000ffc00000, 0x00000000ffd00000, 0x00000000ffd00000|100%| O|  |TAMS 0x00000000ffc00000| PB 0x00000000ffc00000| Untracked 
|2045|0x00000000ffd00000, 0x00000000ffe00000, 0x00000000ffe00000|100%| O|  |TAMS 0x00000000ffd00000| PB 0x00000000ffd00000| Untracked 
|2046|0x00000000ffe00000, 0x00000000fff00000, 0x00000000fff00000|100%| O|  |TAMS 0x00000000ffe00000| PB 0x00000000ffe00000| Untracked 
|2047|0x00000000fff00000, 0x0000000100000000, 0x0000000100000000|100%| O|  |TAMS 0x00000000fff00000| PB 0x00000000fff00000| Untracked 

Card table byte_map: [0x000001332a8e0000,0x000001332ace0000] _byte_map_base: 0x000001332a4e0000

Marking Bits: (CMBitMap*) 0x0000013315fa21a0
 Bits: [0x000001332ace0000, 0x000001332cce0000)

Polling page: 0x0000013315ee0000

Metaspace:

Usage:
  Non-class:    120.21 MB used.
      Class:     19.65 MB used.
       Both:    139.85 MB used.

Virtual space:
  Non-class space:      128.00 MB reserved,     121.31 MB ( 95%) committed,  2 nodes.
      Class space:        1.00 GB reserved,      20.81 MB (  2%) committed,  1 nodes.
             Both:        1.12 GB reserved,     142.12 MB ( 12%) committed. 

Chunk freelists:
   Non-Class:  6.45 MB
       Class:  11.04 MB
        Both:  17.49 MB

MaxMetaspaceSize: unlimited
CompressedClassSpaceSize: 1.00 GB
Initial GC threshold: 21.00 MB
Current GC threshold: 230.31 MB
CDS: off
 - commit_granule_bytes: 65536.
 - commit_granule_words: 8192.
 - virtual_space_node_default_size: 8388608.
 - enlarge_chunks_in_place: 1.
 - use_allocation_guard: 0.


Internal statistics:

num_allocs_failed_limit: 12.
num_arena_births: 4592.
num_arena_deaths: 30.
num_vsnodes_births: 3.
num_vsnodes_deaths: 0.
num_space_committed: 2273.
num_space_uncommitted: 0.
num_chunks_returned_to_freelist: 55.
num_chunks_taken_from_freelist: 10650.
num_chunk_merges: 30.
num_chunk_splits: 7047.
num_chunks_enlarged: 4567.
num_inconsistent_stats: 0.

CodeHeap 'non-profiled nmethods': size=120000Kb used=12503Kb max_used=12503Kb free=107496Kb
 bounds [0x0000013322320000, 0x0000013322f60000, 0x0000013329850000]
CodeHeap 'profiled nmethods': size=120000Kb used=36221Kb max_used=36221Kb free=83778Kb
 bounds [0x000001331a850000, 0x000001331cbb0000, 0x0000013321d80000]
CodeHeap 'non-nmethods': size=5760Kb used=2460Kb max_used=2531Kb free=3299Kb
 bounds [0x0000013321d80000, 0x0000013322000000, 0x0000013322320000]
 total_blobs=19667 nmethods=18745 adapters=824
 compilation: enabled
              stopped_count=0, restarted_count=0
 full_count=0

Compilation events (20 events):
Event: 70.444 Thread 0x000001332fbf6ce0 21441       3       org.gradle.execution.plan.MissingTaskDependencyDetector::lambda$detectMissingDependencies$2 (22 bytes)
Event: 70.445 Thread 0x000001332fbf6ce0 nmethod 21441 0x000001331cba9690 code [0x000001331cba9880, 0x000001331cba9f30]
Event: 70.447 Thread 0x000001332fbf6ce0 21442       3       org.gradle.internal.snapshot.AbstractListChildMap$1::withReplacedChild (10 bytes)
Event: 70.447 Thread 0x000001332fbf6ce0 nmethod 21442 0x000001331cbaa190 code [0x000001331cbaa340, 0x000001331cbaa5b0]
Event: 70.447 Thread 0x000001332fbf6ce0 21443       3       org.gradle.internal.snapshot.AbstractListChildMap$1::withReplacedChild (14 bytes)
Event: 70.447 Thread 0x000001332fbf6ce0 nmethod 21443 0x000001331cbaa710 code [0x000001331cbaa8c0, 0x000001331cbaaac8]
Event: 70.461 Thread 0x000001332fbf6ce0 21444       3       org.gradle.api.internal.provider.ProviderInternal::withSideEffect (6 bytes)
Event: 70.461 Thread 0x000001332fbf6ce0 nmethod 21444 0x000001331cbaac10 code [0x000001331cbaade0, 0x000001331cbab1c8]
Event: 70.461 Thread 0x000001332fbf6ce0 21445       3       org.gradle.api.internal.provider.WithSideEffectProvider::of (18 bytes)
Event: 70.461 Thread 0x000001332fbf6ce0 nmethod 21445 0x000001331cbab310 code [0x000001331cbab4e0, 0x000001331cbab840]
Event: 70.468 Thread 0x000001332fbf6ce0 21446       3       org.gradle.internal.classpath.declarations.FileInterceptorsDeclaration::intercept_exists (6 bytes)
Event: 70.469 Thread 0x000001332fbf6ce0 nmethod 21446 0x000001331cbab990 code [0x000001331cbabb80, 0x000001331cbac038]
Event: 70.469 Thread 0x000001332fbf6ce0 21447       3       org.gradle.internal.classpath.Instrumented::fileExists (10 bytes)
Event: 70.469 Thread 0x000001332fbf6ce0 nmethod 21447 0x000001331cbac210 code [0x000001331cbac440, 0x000001331cbacb80]
Event: 70.475 Thread 0x000001332fbf6ce0 21449       1       kotlin.io.LinesSequence::access$getReader$p (5 bytes)
Event: 70.475 Thread 0x000001332fbf6ce0 nmethod 21449 0x0000013322f55a10 code [0x0000013322f55ba0, 0x0000013322f55c50]
Event: 70.475 Thread 0x000001332fbf6ce0 21450       3       kotlin.io.LinesSequence$iterator$1::hasNext (53 bytes)
Event: 70.475 Thread 0x000001332fbf6ce0 nmethod 21450 0x000001331cbace10 code [0x000001331cbacfe0, 0x000001331cbad340]
Event: 70.475 Thread 0x000001332fbf6ce0 21451       3       kotlin.collections.CollectionsKt__CollectionsKt::listOf (22 bytes)
Event: 70.476 Thread 0x000001332fbf6ce0 nmethod 21451 0x000001331cbad490 code [0x000001331cbad7a0, 0x000001331cbae728]

GC Heap History (20 events):
Event: 16.583 GC heap before
{Heap before GC invocations=44 (full 0):
 garbage-first heap   total 287744K, used 242045K [0x0000000080000000, 0x0000000100000000)
  region size 1024K, 116 young (118784K), 7 survivors (7168K)
 Metaspace       used 113847K, committed 116096K, reserved 1179648K
  class space    used 15688K, committed 16832K, reserved 1048576K
}
Event: 16.590 GC heap after
{Heap after GC invocations=45 (full 0):
 garbage-first heap   total 287744K, used 131547K [0x0000000080000000, 0x0000000100000000)
  region size 1024K, 12 young (12288K), 12 survivors (12288K)
 Metaspace       used 113847K, committed 116096K, reserved 1179648K
  class space    used 15688K, committed 16832K, reserved 1048576K
}
Event: 19.089 GC heap before
{Heap before GC invocations=45 (full 0):
 garbage-first heap   total 287744K, used 243163K [0x0000000080000000, 0x0000000100000000)
  region size 1024K, 122 young (124928K), 12 survivors (12288K)
 Metaspace       used 115286K, committed 117568K, reserved 1179648K
  class space    used 15863K, committed 17024K, reserved 1048576K
}
Event: 19.096 GC heap after
{Heap after GC invocations=46 (full 0):
 garbage-first heap   total 287744K, used 136189K [0x0000000080000000, 0x0000000100000000)
  region size 1024K, 13 young (13312K), 13 survivors (13312K)
 Metaspace       used 115286K, committed 117568K, reserved 1179648K
  class space    used 15863K, committed 17024K, reserved 1048576K
}
Event: 20.168 GC heap before
{Heap before GC invocations=46 (full 0):
 garbage-first heap   total 287744K, used 249853K [0x0000000080000000, 0x0000000100000000)
  region size 1024K, 125 young (128000K), 13 survivors (13312K)
 Metaspace       used 123619K, committed 125888K, reserved 1179648K
  class space    used 17286K, committed 18432K, reserved 1048576K
}
Event: 20.179 GC heap after
{Heap after GC invocations=47 (full 0):
 garbage-first heap   total 287744K, used 145181K [0x0000000080000000, 0x0000000100000000)
  region size 1024K, 16 young (16384K), 16 survivors (16384K)
 Metaspace       used 123619K, committed 125888K, reserved 1179648K
  class space    used 17286K, committed 18432K, reserved 1048576K
}
Event: 20.725 GC heap before
{Heap before GC invocations=47 (full 0):
 garbage-first heap   total 287744K, used 250653K [0x0000000080000000, 0x0000000100000000)
  region size 1024K, 120 young (122880K), 16 survivors (16384K)
 Metaspace       used 133610K, committed 135872K, reserved 1179648K
  class space    used 18955K, committed 20096K, reserved 1048576K
}
Event: 20.742 GC heap after
{Heap after GC invocations=48 (full 0):
 garbage-first heap   total 287744K, used 150706K [0x0000000080000000, 0x0000000100000000)
  region size 1024K, 6 young (6144K), 6 survivors (6144K)
 Metaspace       used 133610K, committed 135872K, reserved 1179648K
  class space    used 18955K, committed 20096K, reserved 1048576K
}
Event: 20.996 GC heap before
{Heap before GC invocations=49 (full 0):
 garbage-first heap   total 295936K, used 256178K [0x0000000080000000, 0x0000000100000000)
  region size 1024K, 110 young (112640K), 6 survivors (6144K)
 Metaspace       used 136220K, committed 138496K, reserved 1179648K
  class space    used 19340K, committed 20480K, reserved 1048576K
}
Event: 21.002 GC heap after
{Heap after GC invocations=50 (full 0):
 garbage-first heap   total 295936K, used 153010K [0x0000000080000000, 0x0000000100000000)
  region size 1024K, 9 young (9216K), 9 survivors (9216K)
 Metaspace       used 136220K, committed 138496K, reserved 1179648K
  class space    used 19340K, committed 20480K, reserved 1048576K
}
Event: 21.309 GC heap before
{Heap before GC invocations=50 (full 0):
 garbage-first heap   total 295936K, used 266674K [0x0000000080000000, 0x0000000100000000)
  region size 1024K, 121 young (123904K), 9 survivors (9216K)
 Metaspace       used 137408K, committed 139648K, reserved 1179648K
  class space    used 19491K, committed 20608K, reserved 1048576K
}
Event: 21.317 GC heap after
{Heap after GC invocations=51 (full 0):
 garbage-first heap   total 295936K, used 149239K [0x0000000080000000, 0x0000000100000000)
  region size 1024K, 6 young (6144K), 6 survivors (6144K)
 Metaspace       used 137408K, committed 139648K, reserved 1179648K
  class space    used 19491K, committed 20608K, reserved 1048576K
}
Event: 21.606 GC heap before
{Heap before GC invocations=51 (full 0):
 garbage-first heap   total 295936K, used 164599K [0x0000000080000000, 0x0000000100000000)
  region size 1024K, 23 young (23552K), 6 survivors (6144K)
 Metaspace       used 139067K, committed 141440K, reserved 1179648K
  class space    used 19697K, committed 20864K, reserved 1048576K
}
Event: 21.614 GC heap after
{Heap after GC invocations=52 (full 0):
 garbage-first heap   total 355328K, used 150683K [0x0000000080000000, 0x0000000100000000)
  region size 1024K, 8 young (8192K), 8 survivors (8192K)
 Metaspace       used 139067K, committed 141440K, reserved 1179648K
  class space    used 19697K, committed 20864K, reserved 1048576K
}
Event: 21.663 GC heap before
{Heap before GC invocations=52 (full 0):
 garbage-first heap   total 355328K, used 191643K [0x0000000080000000, 0x0000000100000000)
  region size 1024K, 10 young (10240K), 8 survivors (8192K)
 Metaspace       used 139078K, committed 141440K, reserved 1179648K
  class space    used 19699K, committed 20864K, reserved 1048576K
}
Event: 21.677 GC heap after
{Heap after GC invocations=53 (full 0):
 garbage-first heap   total 355328K, used 192056K [0x0000000080000000, 0x0000000100000000)
  region size 1024K, 8 young (8192K), 8 survivors (8192K)
 Metaspace       used 139078K, committed 141440K, reserved 1179648K
  class space    used 19699K, committed 20864K, reserved 1048576K
}
Event: 67.347 GC heap before
{Heap before GC invocations=54 (full 0):
 garbage-first heap   total 467968K, used 426552K [0x0000000080000000, 0x0000000100000000)
  region size 1024K, 117 young (119808K), 8 survivors (8192K)
 Metaspace       used 140906K, committed 143232K, reserved 1179648K
  class space    used 19924K, committed 21120K, reserved 1048576K
}
Event: 67.389 GC heap after
{Heap after GC invocations=55 (full 0):
 garbage-first heap   total 467968K, used 156117K [0x0000000080000000, 0x0000000100000000)
  region size 1024K, 13 young (13312K), 13 survivors (13312K)
 Metaspace       used 140906K, committed 143232K, reserved 1179648K
  class space    used 19924K, committed 21120K, reserved 1048576K
}
Event: 69.862 GC heap before
{Heap before GC invocations=55 (full 0):
 garbage-first heap   total 467968K, used 382421K [0x0000000080000000, 0x0000000100000000)
  region size 1024K, 235 young (240640K), 13 survivors (13312K)
 Metaspace       used 143167K, committed 145472K, reserved 1179648K
  class space    used 20118K, committed 21312K, reserved 1048576K
}
Event: 69.911 GC heap after
{Heap after GC invocations=56 (full 0):
 garbage-first heap   total 467968K, used 171910K [0x0000000080000000, 0x0000000100000000)
  region size 1024K, 30 young (30720K), 30 survivors (30720K)
 Metaspace       used 143167K, committed 145472K, reserved 1179648K
  class space    used 20118K, committed 21312K, reserved 1048576K
}

Dll operation events (3 events):
Event: 0.022 Loaded shared library C:\Program Files\Android\Android Studio\jbr\bin\java.dll
Event: 0.036 Loaded shared library C:\Program Files\Android\Android Studio\jbr\bin\zip.dll
Event: 0.600 Loaded shared library C:\Program Files\Android\Android Studio\jbr\bin\verify.dll

Deoptimization events (20 events):
Event: 69.572 Thread 0x0000013340bddbf0 Uncommon trap: trap_request=0xffffff45 fr.pc=0x00000133224913b0 relative=0x00000000000001f0
Event: 69.572 Thread 0x0000013340bddbf0 Uncommon trap: reason=unstable_if action=reinterpret pc=0x00000133224913b0 method=java.lang.Integer.getChars(II[B)I @ 4 c2
Event: 69.572 Thread 0x0000013340bddbf0 DEOPT PACKING pc=0x00000133224913b0 sp=0x00000021c95fb590
Event: 69.572 Thread 0x0000013340bddbf0 DEOPT UNPACKING pc=0x0000013321dd7da2 sp=0x00000021c95fb508 mode 2
Event: 69.574 Thread 0x00000133385ef910 Uncommon trap: trap_request=0xffffff54 fr.pc=0x0000013322d93260 relative=0x00000000000001e0
Event: 69.574 Thread 0x00000133385ef910 Uncommon trap: reason=speculate_null_assert action=make_not_entrant pc=0x0000013322d93260 method=org.gradle.internal.operations.DefaultBuildOperationRunner.execute(Lorg/gradle/internal/operations/BuildOperationDescriptor$Builder;Lorg/gradle/internal/opera
Event: 69.574 Thread 0x00000133385ef910 DEOPT PACKING pc=0x0000013322d93260 sp=0x00000021cccfe9d0
Event: 69.574 Thread 0x00000133385ef910 DEOPT UNPACKING pc=0x0000013321dd7da2 sp=0x00000021cccfe900 mode 2
Event: 69.604 Thread 0x0000013335c35250 DEOPT PACKING pc=0x000001331c9b8f39 sp=0x00000021c52fe330
Event: 69.604 Thread 0x0000013335c35250 DEOPT UNPACKING pc=0x0000013321dd88e2 sp=0x00000021c52fd8b8 mode 0
Event: 69.610 Thread 0x0000013335c35250 DEOPT PACKING pc=0x000001331c9b8f39 sp=0x00000021c52fe330
Event: 69.610 Thread 0x0000013335c35250 DEOPT UNPACKING pc=0x0000013321dd88e2 sp=0x00000021c52fd8b8 mode 0
Event: 69.614 Thread 0x0000013335c35250 DEOPT PACKING pc=0x000001331c9b8f39 sp=0x00000021c52fe330
Event: 69.614 Thread 0x0000013335c35250 DEOPT UNPACKING pc=0x0000013321dd88e2 sp=0x00000021c52fd8b8 mode 0
Event: 69.621 Thread 0x0000013335c35250 DEOPT PACKING pc=0x000001331c9b8f39 sp=0x00000021c52fe330
Event: 69.621 Thread 0x0000013335c35250 DEOPT UNPACKING pc=0x0000013321dd88e2 sp=0x00000021c52fd8b8 mode 0
Event: 69.628 Thread 0x0000013335c35250 DEOPT PACKING pc=0x000001331c9b8f39 sp=0x00000021c52fe330
Event: 69.628 Thread 0x0000013335c35250 DEOPT UNPACKING pc=0x0000013321dd88e2 sp=0x00000021c52fd8b8 mode 0
Event: 70.412 Thread 0x0000013340bddbf0 DEOPT PACKING pc=0x000001331aa18bf0 sp=0x00000021c95fb100
Event: 70.412 Thread 0x0000013340bddbf0 DEOPT UNPACKING pc=0x0000013321dd88e2 sp=0x00000021c95fa768 mode 0

Classes loaded (20 events):
Event: 69.400 Loading class org/w3c/dom/ls/DOMImplementationLS
Event: 69.401 Loading class org/w3c/dom/ls/DOMImplementationLS done
Event: 69.401 Loading class com/sun/org/apache/xerces/internal/dom/CoreDOMImplementationImpl done
Event: 69.401 Loading class com/sun/org/apache/xerces/internal/dom/DOMImplementationImpl done
Event: 69.407 Loading class com/sun/org/apache/xerces/internal/dom/DeferredDOMImplementationImpl
Event: 69.407 Loading class com/sun/org/apache/xerces/internal/dom/DeferredDOMImplementationImpl done
Event: 69.447 Loading class java/util/TreeMap$DescendingSubMap
Event: 69.448 Loading class java/util/TreeMap$NavigableSubMap
Event: 69.449 Loading class java/util/TreeMap$NavigableSubMap done
Event: 69.449 Loading class java/util/TreeMap$DescendingSubMap done
Event: 69.449 Loading class java/util/TreeMap$DescendingSubMap$DescendingEntrySetView
Event: 69.449 Loading class java/util/TreeMap$NavigableSubMap$EntrySetView
Event: 69.449 Loading class java/util/TreeMap$NavigableSubMap$EntrySetView done
Event: 69.449 Loading class java/util/TreeMap$DescendingSubMap$DescendingEntrySetView done
Event: 69.449 Loading class java/util/TreeMap$NavigableSubMap$DescendingSubMapEntryIterator
Event: 69.449 Loading class java/util/TreeMap$NavigableSubMap$SubMapIterator
Event: 69.449 Loading class java/util/TreeMap$NavigableSubMap$SubMapIterator done
Event: 69.449 Loading class java/util/TreeMap$NavigableSubMap$DescendingSubMapEntryIterator done
Event: 69.459 Loading class com/sun/org/apache/xerces/internal/dom/DeepNodeListImpl
Event: 69.459 Loading class com/sun/org/apache/xerces/internal/dom/DeepNodeListImpl done

Classes unloaded (15 events):
Event: 21.776 Thread 0x000001332fb6f070 Unloading class 0x00000001011fe800 'java/lang/invoke/LambdaForm$DMH+0x00000001011fe800'
Event: 21.776 Thread 0x000001332fb6f070 Unloading class 0x00000001011fe400 'java/lang/invoke/LambdaForm$DMH+0x00000001011fe400'
Event: 21.776 Thread 0x000001332fb6f070 Unloading class 0x00000001011fdc00 'java/lang/invoke/LambdaForm$DMH+0x00000001011fdc00'
Event: 21.776 Thread 0x000001332fb6f070 Unloading class 0x00000001011fe000 'java/lang/invoke/LambdaForm$DMH+0x00000001011fe000'
Event: 21.776 Thread 0x000001332fb6f070 Unloading class 0x00000001011fd400 'java/lang/invoke/LambdaForm$DMH+0x00000001011fd400'
Event: 21.776 Thread 0x000001332fb6f070 Unloading class 0x00000001011fcc00 'java/lang/invoke/LambdaForm$DMH+0x00000001011fcc00'
Event: 21.776 Thread 0x000001332fb6f070 Unloading class 0x00000001011fd800 'java/lang/invoke/LambdaForm$DMH+0x00000001011fd800'
Event: 21.776 Thread 0x000001332fb6f070 Unloading class 0x00000001011fd000 'java/lang/invoke/LambdaForm$DMH+0x00000001011fd000'
Event: 21.776 Thread 0x000001332fb6f070 Unloading class 0x00000001011fc800 'java/lang/invoke/LambdaForm$DMH+0x00000001011fc800'
Event: 21.776 Thread 0x000001332fb6f070 Unloading class 0x00000001011fc000 'java/lang/invoke/LambdaForm$DMH+0x00000001011fc000'
Event: 21.776 Thread 0x000001332fb6f070 Unloading class 0x000000010116d000 'java/lang/invoke/LambdaForm$DMH+0x000000010116d000'
Event: 21.776 Thread 0x000001332fb6f070 Unloading class 0x000000010116d400 'java/lang/invoke/LambdaForm$DMH+0x000000010116d400'
Event: 21.776 Thread 0x000001332fb6f070 Unloading class 0x000000010116c400 'java/lang/invoke/LambdaForm$DMH+0x000000010116c400'
Event: 21.776 Thread 0x000001332fb6f070 Unloading class 0x000000010116c800 'java/lang/invoke/LambdaForm$DMH+0x000000010116c800'
Event: 21.776 Thread 0x000001332fb6f070 Unloading class 0x000000010116cc00 'java/lang/invoke/LambdaForm$DMH+0x000000010116cc00'

Classes redefined (0 events):
No events

Internal exceptions (20 events):
Event: 69.039 Thread 0x0000013340bddbf0 Exception <a 'sun/nio/fs/WindowsException'{0x0000000091e341c0}> (0x0000000091e341c0) 
thrown [s\src\hotspot\share\prims\jni.cpp, line 535]
Event: 69.040 Thread 0x0000013340bddbf0 Exception <a 'sun/nio/fs/WindowsException'{0x0000000091e35548}> (0x0000000091e35548) 
thrown [s\src\hotspot\share\prims\jni.cpp, line 535]
Event: 69.527 Thread 0x0000013340bddbf0 Exception <a 'sun/nio/fs/WindowsException'{0x0000000090aea1a8}> (0x0000000090aea1a8) 
thrown [s\src\hotspot\share\prims\jni.cpp, line 535]
Event: 69.528 Thread 0x0000013340bddbf0 Exception <a 'sun/nio/fs/WindowsException'{0x0000000090aeb630}> (0x0000000090aeb630) 
thrown [s\src\hotspot\share\prims\jni.cpp, line 535]
Event: 69.554 Thread 0x0000013340bddbf0 Exception <a 'sun/nio/fs/WindowsException'{0x00000000909737d0}> (0x00000000909737d0) 
thrown [s\src\hotspot\share\prims\jni.cpp, line 535]
Event: 69.555 Thread 0x0000013340bddbf0 Exception <a 'sun/nio/fs/WindowsException'{0x0000000090974cc0}> (0x0000000090974cc0) 
thrown [s\src\hotspot\share\prims\jni.cpp, line 535]
Event: 69.587 Thread 0x0000013340be0350 Exception <a 'sun/nio/fs/WindowsException'{0x000000009087f580}> (0x000000009087f580) 
thrown [s\src\hotspot\share\prims\jni.cpp, line 535]
Event: 70.458 Thread 0x0000013340bddbf0 Exception <a 'sun/nio/fs/WindowsException'{0x000000009781e9d8}> (0x000000009781e9d8) 
thrown [s\src\hotspot\share\prims\jni.cpp, line 535]
Event: 70.458 Thread 0x0000013340bddbf0 Exception <a 'sun/nio/fs/WindowsException'{0x000000009781f908}> (0x000000009781f908) 
thrown [s\src\hotspot\share\prims\jni.cpp, line 535]
Event: 70.458 Thread 0x0000013340bddbf0 Exception <a 'sun/nio/fs/WindowsException'{0x000000009781fad8}> (0x000000009781fad8) 
thrown [s\src\hotspot\share\prims\jni.cpp, line 535]
Event: 70.459 Thread 0x0000013340bddbf0 Exception <a 'sun/nio/fs/WindowsException'{0x0000000097820ca8}> (0x0000000097820ca8) 
thrown [s\src\hotspot\share\prims\jni.cpp, line 535]
Event: 70.459 Thread 0x0000013340bddbf0 Exception <a 'sun/nio/fs/WindowsException'{0x0000000097821bc0}> (0x0000000097821bc0) 
thrown [s\src\hotspot\share\prims\jni.cpp, line 535]
Event: 70.459 Thread 0x0000013340bddbf0 Exception <a 'sun/nio/fs/WindowsException'{0x0000000097821d78}> (0x0000000097821d78) 
thrown [s\src\hotspot\share\prims\jni.cpp, line 535]
Event: 70.459 Thread 0x0000013340bddbf0 Exception <a 'sun/nio/fs/WindowsException'{0x0000000097822f00}> (0x0000000097822f00) 
thrown [s\src\hotspot\share\prims\jni.cpp, line 535]
Event: 70.459 Thread 0x0000013340bddbf0 Exception <a 'sun/nio/fs/WindowsException'{0x0000000097823e30}> (0x0000000097823e30) 
thrown [s\src\hotspot\share\prims\jni.cpp, line 535]
Event: 70.459 Thread 0x0000013340bddbf0 Exception <a 'sun/nio/fs/WindowsException'{0x0000000097824000}> (0x0000000097824000) 
thrown [s\src\hotspot\share\prims\jni.cpp, line 535]
Event: 70.459 Thread 0x0000013340bddbf0 Exception <a 'sun/nio/fs/WindowsException'{0x0000000097825128}> (0x0000000097825128) 
thrown [s\src\hotspot\share\prims\jni.cpp, line 535]
Event: 70.459 Thread 0x0000013340bddbf0 Exception <a 'sun/nio/fs/WindowsException'{0x0000000097826028}> (0x0000000097826028) 
thrown [s\src\hotspot\share\prims\jni.cpp, line 535]
Event: 70.459 Thread 0x0000013340bddbf0 Exception <a 'sun/nio/fs/WindowsException'{0x00000000978261c8}> (0x00000000978261c8) 
thrown [s\src\hotspot\share\prims\jni.cpp, line 535]
Event: 70.459 Thread 0x0000013340bddbf0 Exception <a 'sun/nio/fs/WindowsException'{0x0000000097827310}> (0x0000000097827310) 
thrown [s\src\hotspot\share\prims\jni.cpp, line 535]

ZGC Phase Switch (0 events):
No events

VM Operations (20 events):
Event: 66.634 Executing VM operation: ICBufferFull
Event: 66.635 Executing VM operation: ICBufferFull done
Event: 66.930 Executing VM operation: ICBufferFull
Event: 66.930 Executing VM operation: ICBufferFull done
Event: 67.237 Executing VM operation: ICBufferFull
Event: 67.237 Executing VM operation: ICBufferFull done
Event: 67.345 Executing VM operation: G1CollectForAllocation (G1 Evacuation Pause)
Event: 67.389 Executing VM operation: G1CollectForAllocation (G1 Evacuation Pause) done
Event: 67.933 Executing VM operation: ICBufferFull
Event: 67.933 Executing VM operation: ICBufferFull done
Event: 68.307 Executing VM operation: ICBufferFull
Event: 68.308 Executing VM operation: ICBufferFull done
Event: 69.139 Executing VM operation: ICBufferFull
Event: 69.140 Executing VM operation: ICBufferFull done
Event: 69.544 Executing VM operation: ICBufferFull
Event: 69.544 Executing VM operation: ICBufferFull done
Event: 69.861 Executing VM operation: G1CollectForAllocation (G1 Evacuation Pause)
Event: 69.911 Executing VM operation: G1CollectForAllocation (G1 Evacuation Pause) done
Event: 70.917 Executing VM operation: Cleanup
Event: 70.917 Executing VM operation: Cleanup done

Events (20 events):
Event: 69.599 Thread 0x00000133385f1350 Thread added: 0x00000133385f1350
Event: 69.599 Thread 0x0000013339229f40 Thread added: 0x0000013339229f40
Event: 69.643 Thread 0x0000013339227e70 Thread added: 0x0000013339227e70
Event: 69.643 Thread 0x000001333922ac60 Thread added: 0x000001333922ac60
Event: 69.643 Thread 0x000001333922b2f0 Thread added: 0x000001333922b2f0
Event: 69.643 Thread 0x000001333922b980 Thread added: 0x000001333922b980
Event: 69.644 Thread 0x0000013339228500 Thread added: 0x0000013339228500
Event: 69.644 Thread 0x000001333922ee00 Thread added: 0x000001333922ee00
Event: 69.644 Thread 0x000001333922f490 Thread added: 0x000001333922f490
Event: 69.644 Thread 0x000001333922c010 Thread added: 0x000001333922c010
Event: 69.644 Thread 0x000001333922da50 Thread added: 0x000001333922da50
Event: 69.645 Thread 0x000001333922e0e0 Thread added: 0x000001333922e0e0
Event: 69.645 Thread 0x000001333922d3c0 Thread added: 0x000001333922d3c0
Event: 69.824 Thread 0x000001333922c6a0 Thread added: 0x000001333922c6a0
Event: 69.824 Thread 0x000001333922cd30 Thread added: 0x000001333922cd30
Event: 69.824 Thread 0x000001333922e770 Thread added: 0x000001333922e770
Event: 70.461 Thread 0x0000013340ca3430 Thread added: 0x0000013340ca3430
Event: 70.475 Thread 0x0000013340ca4150 Thread added: 0x0000013340ca4150
Event: 70.484 Thread 0x0000013340ca5500 Thread added: 0x0000013340ca5500
Event: 70.484 Thread 0x0000013340ca2080 Thread added: 0x0000013340ca2080


Dynamic libraries:
0x00007ff6a73b0000 - 0x00007ff6a73ba000 	C:\Program Files\Android\Android Studio\jbr\bin\java.exe
0x00007ffc636e0000 - 0x00007ffc63946000 	C:\WINDOWS\SYSTEM32\ntdll.dll
0x00007ffc62a10000 - 0x00007ffc62ad9000 	C:\WINDOWS\System32\KERNEL32.DLL
0x00007ffc60f70000 - 0x00007ffc6136a000 	C:\WINDOWS\System32\KERNELBASE.dll
0x00007ffc60ba0000 - 0x00007ffc60cec000 	C:\WINDOWS\System32\ucrtbase.dll
0x00007ffc347a0000 - 0x00007ffc347bb000 	C:\Program Files\Android\Android Studio\jbr\bin\VCRUNTIME140.dll
0x00007ffc59510000 - 0x00007ffc59528000 	C:\Program Files\Android\Android Studio\jbr\bin\jli.dll
0x00007ffc62080000 - 0x00007ffc62247000 	C:\WINDOWS\System32\USER32.dll
0x00007ffc61420000 - 0x00007ffc61447000 	C:\WINDOWS\System32\win32u.dll
0x00007ffc437f0000 - 0x00007ffc43a82000 	C:\WINDOWS\WinSxS\amd64_microsoft.windows.common-controls_6595b64144ccf1df_6.0.26100.8521_none_3e08b75ce33403b3\COMCTL32.dll
0x00007ffc62350000 - 0x00007ffc6237b000 	C:\WINDOWS\System32\GDI32.dll
0x00007ffc63230000 - 0x00007ffc632d9000 	C:\WINDOWS\System32\msvcrt.dll
0x00007ffc60d80000 - 0x00007ffc60eab000 	C:\WINDOWS\System32\gdi32full.dll
0x00007ffc60970000 - 0x00007ffc60a13000 	C:\WINDOWS\System32\msvcp_win.dll
0x00007ffc63570000 - 0x00007ffc635a2000 	C:\WINDOWS\System32\IMM32.DLL
0x00007ffc55c50000 - 0x00007ffc55c5c000 	C:\Program Files\Android\Android Studio\jbr\bin\vcruntime140_1.dll
0x00007ffbf5bd0000 - 0x00007ffbf5c5d000 	C:\Program Files\Android\Android Studio\jbr\bin\msvcp140.dll
0x00007ffb3eab0000 - 0x00007ffb3f72d000 	C:\Program Files\Android\Android Studio\jbr\bin\server\jvm.dll
0x00007ffc61e80000 - 0x00007ffc61f36000 	C:\WINDOWS\System32\ADVAPI32.dll
0x00007ffc61f50000 - 0x00007ffc61ffa000 	C:\WINDOWS\System32\sechost.dll
0x00007ffc632e0000 - 0x00007ffc633f8000 	C:\WINDOWS\System32\RPCRT4.dll
0x00007ffc62810000 - 0x00007ffc62890000 	C:\WINDOWS\System32\WS2_32.dll
0x00007ffc562e0000 - 0x00007ffc56316000 	C:\WINDOWS\SYSTEM32\WINMM.dll
0x00007ffc59c70000 - 0x00007ffc59c7b000 	C:\WINDOWS\SYSTEM32\VERSION.dll
0x00007ffc607d0000 - 0x00007ffc6082e000 	C:\WINDOWS\SYSTEM32\POWRPROF.dll
0x00007ffc607b0000 - 0x00007ffc607c4000 	C:\WINDOWS\SYSTEM32\UMPDC.dll
0x00007ffc5f700000 - 0x00007ffc5f71b000 	C:\WINDOWS\SYSTEM32\kernel.appcore.dll
0x00007ffc526c0000 - 0x00007ffc526ca000 	C:\Program Files\Android\Android Studio\jbr\bin\jimage.dll
0x00007ffc56a00000 - 0x00007ffc56c42000 	C:\WINDOWS\SYSTEM32\DBGHELP.DLL
0x00007ffc62ae0000 - 0x00007ffc62e63000 	C:\WINDOWS\System32\combase.dll
0x00007ffc63400000 - 0x00007ffc634d9000 	C:\WINDOWS\System32\OLEAUT32.dll
0x00007ffc44b60000 - 0x00007ffc44b9b000 	C:\WINDOWS\SYSTEM32\dbgcore.DLL
0x00007ffc61370000 - 0x00007ffc61418000 	C:\WINDOWS\System32\bcryptPrimitives.dll
0x00007ffc58e70000 - 0x00007ffc58e7e000 	C:\Program Files\Android\Android Studio\jbr\bin\instrument.dll
0x00007ffc34780000 - 0x00007ffc3479f000 	C:\Program Files\Android\Android Studio\jbr\bin\java.dll
0x00007ffc34540000 - 0x00007ffc34558000 	C:\Program Files\Android\Android Studio\jbr\bin\zip.dll
0x00007ffc61500000 - 0x00007ffc61c84000 	C:\WINDOWS\System32\SHELL32.dll
0x00007ffc5e530000 - 0x00007ffc5edb0000 	C:\WINDOWS\SYSTEM32\windows.storage.dll
0x00007ffc62250000 - 0x00007ffc62346000 	C:\WINDOWS\System32\SHCORE.dll
0x00007ffc629a0000 - 0x00007ffc62a07000 	C:\WINDOWS\System32\shlwapi.dll
0x00007ffc60890000 - 0x00007ffc608b9000 	C:\WINDOWS\SYSTEM32\profapi.dll
0x00007ffc47350000 - 0x00007ffc47360000 	C:\Program Files\Android\Android Studio\jbr\bin\net.dll
0x00007ffc59df0000 - 0x00007ffc59f19000 	C:\WINDOWS\SYSTEM32\WINHTTP.dll
0x00007ffc5fc70000 - 0x00007ffc5fcdc000 	C:\WINDOWS\system32\mswsock.dll
0x00007ffc2afb0000 - 0x00007ffc2afc6000 	C:\Program Files\Android\Android Studio\jbr\bin\nio.dll
0x00007ffc203a0000 - 0x00007ffc203b0000 	C:\Program Files\Android\Android Studio\jbr\bin\verify.dll
0x00007ffc34470000 - 0x00007ffc34497000 	C:\Users\Noe Chavero\.gradle\native\c067742578af261105cb4f569cf0c3c89f3d7b1fecec35dd04571415982c5e48\windows-amd64\native-platform.dll
0x00007ffbf3720000 - 0x00007ffbf3864000 	C:\Users\Noe Chavero\.gradle\native\100fb08df4bc3b14c8652ba06237920a3bd2aa13389f12d3474272988ae205f9\windows-amd64\native-platform-file-events.dll
0x00007ffc2afa0000 - 0x00007ffc2afa9000 	C:\Program Files\Android\Android Studio\jbr\bin\management.dll
0x00007ffc203c0000 - 0x00007ffc203cb000 	C:\Program Files\Android\Android Studio\jbr\bin\management_ext.dll
0x00007ffc61f40000 - 0x00007ffc61f48000 	C:\WINDOWS\System32\PSAPI.DLL
0x00007ffc5ff50000 - 0x00007ffc5ff6b000 	C:\WINDOWS\SYSTEM32\CRYPTSP.dll
0x00007ffc5f660000 - 0x00007ffc5f699000 	C:\WINDOWS\system32\rsaenh.dll
0x00007ffc5fd20000 - 0x00007ffc5fd53000 	C:\WINDOWS\SYSTEM32\USERENV.dll
0x00007ffc60860000 - 0x00007ffc6088a000 	C:\WINDOWS\SYSTEM32\bcrypt.dll
0x00007ffc5ff70000 - 0x00007ffc5ff7c000 	C:\WINDOWS\SYSTEM32\CRYPTBASE.dll
0x00007ffc5f190000 - 0x00007ffc5f1c3000 	C:\WINDOWS\SYSTEM32\IPHLPAPI.DLL
0x00007ffc61c90000 - 0x00007ffc61c9a000 	C:\WINDOWS\System32\NSI.dll
0x00007ffc34530000 - 0x00007ffc34539000 	C:\Program Files\Android\Android Studio\jbr\bin\extnet.dll
0x00007ffc22280000 - 0x00007ffc22288000 	C:\WINDOWS\system32\wshunix.dll
0x00007ffc3a330000 - 0x00007ffc3a348000 	C:\WINDOWS\system32\napinsp.dll
0x00007ffc5f1d0000 - 0x00007ffc5f31a000 	C:\WINDOWS\SYSTEM32\DNSAPI.dll
0x00007ffc5fa70000 - 0x00007ffc5fa7d000 	C:\WINDOWS\SYSTEM32\DSPARSE.dll
0x00007ffc3a310000 - 0x00007ffc3a323000 	C:\WINDOWS\System32\winrnr.dll
0x00007ffc3a2f0000 - 0x00007ffc3a306000 	C:\WINDOWS\system32\wshbth.dll
0x00007ffc3a250000 - 0x00007ffc3a272000 	C:\WINDOWS\system32\nlansp_c.dll
0x00007ffc59cd0000 - 0x00007ffc59cdb000 	C:\Windows\System32\rasadhlp.dll
0x00007ffc5b1c0000 - 0x00007ffc5b246000 	C:\WINDOWS\System32\fwpuclnt.dll

dbghelp: loaded successfully - version: 4.0.5 - missing functions: none
symbol engine: initialized successfully - sym options: 0x614 - pdb path: .;C:\Program Files\Android\Android Studio\jbr\bin;C:\WINDOWS\SYSTEM32;C:\WINDOWS\WinSxS\amd64_microsoft.windows.common-controls_6595b64144ccf1df_6.0.26100.8521_none_3e08b75ce33403b3;C:\Program Files\Android\Android Studio\jbr\bin\server;C:\Users\Noe Chavero\.gradle\native\c067742578af261105cb4f569cf0c3c89f3d7b1fecec35dd04571415982c5e48\windows-amd64;C:\Users\Noe Chavero\.gradle\native\100fb08df4bc3b14c8652ba06237920a3bd2aa13389f12d3474272988ae205f9\windows-amd64

VM Arguments:
jvm_args: --add-opens=java.base/java.util=ALL-UNNAMED --add-opens=java.base/java.lang=ALL-UNNAMED --add-opens=java.base/java.lang.invoke=ALL-UNNAMED --add-opens=java.prefs/java.util.prefs=ALL-UNNAMED --add-exports=jdk.compiler/com.sun.tools.javac.api=ALL-UNNAMED --add-exports=jdk.compiler/com.sun.tools.javac.util=ALL-UNNAMED --add-opens=java.base/java.nio.charset=ALL-UNNAMED --add-opens=java.base/java.net=ALL-UNNAMED --add-opens=java.base/java.util.concurrent.atomic=ALL-UNNAMED -Xmx2048m -Dfile.encoding=UTF-8 -Duser.country=MX -Duser.language=es -Duser.variant -javaagent:C:\Users\Noe Chavero\.gradle\wrapper\dists\gradle-8.9-bin\90cnw93cvbtalezasaz0blq0a\gradle-8.9\lib\agents\gradle-instrumentation-agent-8.9.jar 
java_command: org.gradle.launcher.daemon.bootstrap.GradleDaemon 8.9
java_class_path (initial): C:\Users\Noe Chavero\.gradle\wrapper\dists\gradle-8.9-bin\90cnw93cvbtalezasaz0blq0a\gradle-8.9\lib\gradle-daemon-main-8.9.jar
Launcher Type: SUN_STANDARD

[Global flags]
     intx CICompilerCount                          = 4                                         {product} {ergonomic}
     uint ConcGCThreads                            = 3                                         {product} {ergonomic}
     uint G1ConcRefinementThreads                  = 10                                        {product} {ergonomic}
   size_t G1HeapRegionSize                         = 1048576                                   {product} {ergonomic}
    uintx GCDrainStackTargetSize                   = 64                                        {product} {ergonomic}
   size_t InitialHeapSize                          = 123731968                                 {product} {ergonomic}
   size_t MarkStackSize                            = 4194304                                   {product} {ergonomic}
   size_t MaxHeapSize                              = 2147483648                                {product} {command line}
   size_t MaxNewSize                               = 1287651328                                {product} {ergonomic}
   size_t MinHeapDeltaBytes                        = 1048576                                   {product} {ergonomic}
   size_t MinHeapSize                              = 8388608                                   {product} {ergonomic}
    uintx NonNMethodCodeHeapSize                   = 5839372                                {pd product} {ergonomic}
    uintx NonProfiledCodeHeapSize                  = 122909434                              {pd product} {ergonomic}
    uintx ProfiledCodeHeapSize                     = 122909434                              {pd product} {ergonomic}
    uintx ReservedCodeCacheSize                    = 251658240                              {pd product} {ergonomic}
     bool SegmentedCodeCache                       = true                                      {product} {ergonomic}
   size_t SoftMaxHeapSize                          = 2147483648                             {manageable} {ergonomic}
     bool UseCompressedOops                        = true                           {product lp64_product} {ergonomic}
     bool UseG1GC                                  = true                                      {product} {ergonomic}
     bool UseLargePagesIndividualAllocation        = false                                  {pd product} {ergonomic}

Logging:
Log output configuration:
 #0: stdout all=warning uptime,level,tags foldmultilines=false
 #1: stderr all=off uptime,level,tags foldmultilines=false

Environment Variables:
PATH=C:\Program Files\Common Files\Oracle\Java\javapath;C:\Program Files\Microsoft MPI\Bin\;C:\windows\system32;C:\windows;C:\windows\System32\Wbem;C:\windows\System32\WindowsPowerShell\v1.0\;C:\windows\System32\OpenSSH\;C:\Program Files (x86)\NVIDIA Corporation\PhysX\Common;C:\Program Files\NVIDIA Corporation\NVIDIA NvDLISR;C:\Users\Administrator\AppData\Local\Microsoft\WindowsApps;C:\Program Files\HP\OMEN-Broadcast\Common;C:\WINDOWS\system32;C:\WINDOWS;C:\WINDOWS\System32\Wbem;C:\WINDOWS\System32\WindowsPowerShell\v1.0\;C:\WINDOWS\System32\OpenSSH\;C:\Program Files\Microsoft SQL Server\170\DTS\Binn\;C:\Program Files (x86)\Microsoft SQL Server\170\Tools\Binn\;C:\Program Files\Microsoft SQL Server\170\Tools\Binn\;C:\Program Files\Microsoft SQL Server\Client SDK\ODBC\180\Tools\Binn\;C:\Program Files\nodejs\;C:\Program Files\Git\cmd;C:\Archivos de programa\MongoDB\mongosh\bin;C:\Program Files\PostgreSQL\16\bin;C:\Program Files\Docker\Docker\resources\bin;C:\Users\Noe Chavero\AppData\Local\Programs\Python\Python314\Scripts\;C:\Users\Noe Chavero\AppData\Local\Programs\Python\Python314\;C:\Program Files\MySQL\MySQL Shell 8.0\bin\;C:\Users\Noe Chavero\AppData\Local\Microsoft\WindowsApps;C:\Users\Noe Chavero\AppData\Local\Programs\Microsoft VS Code\bin;C:\Users\Noe Chavero\AppData\Roaming\npm;C:\Users\Noe Chavero\AppData\Local\Programs\Antigravity\bin;C:\Program Files\MongoDB\mongosh\bin;C:\Users\Noe Chavero\AppData\Local\Programs\Antigravity IDE\bin
USERNAME=Noe Chavero
OS=Windows_NT
PROCESSOR_IDENTIFIER=AMD64 Family 25 Model 117 Stepping 2, AuthenticAMD
TMP=C:\Users\NOECHA~1\AppData\Local\Temp
TEMP=C:\Users\NOECHA~1\AppData\Local\Temp




Periodic native trim disabled

JNI global refs:
JNI global refs: 30, weak refs: 7

JNI global refs memory usage: 835, weak refs: 833

Process memory usage:
Resident Set Size: 532948K (6% of 7617964K total physical memory with 352316K free physical memory)

OOME stack traces (most recent first):
Classloader memory used:
Loader org.gradle.internal.classloader.VisitableURLClassLoader$InstrumentingVisitableURLClassLoader: 55855K
Loader org.gradle.internal.classloader.VisitableURLClassLoader                         : 42351K
Loader bootstrap                                                                       : 31378K
Loader org.gradle.initialization.MixInLegacyTypesClassLoader                           : 11976K
Loader jdk.internal.loader.ClassLoaders$PlatformClassLoader                            : 567K
Loader jdk.internal.reflect.DelegatingClassLoader                                      : 495K
Loader org.gradle.internal.classloader.VisitableURLClassLoader                         : 350K
Loader jdk.internal.loader.ClassLoaders$AppClassLoader                                 : 230K
Loader sun.reflect.misc.MethodUtil                                                     : 2960B

Classes loaded by more than one classloader:
Class Program                                                                         : loaded 9 times (x 69B)
Class Build_gradle$1                                                                  : loaded 6 times (x 72B)
Class Build_gradle                                                                    : loaded 6 times (x 127B)
Class Build_gradle$1$3                                                                : loaded 3 times (x 75B)
Class Build_gradle$1$2                                                                : loaded 3 times (x 76B)
Class Build_gradle$1$1                                                                : loaded 3 times (x 76B)
Class Build_gradle$1$4                                                                : loaded 3 times (x 71B)
Class Build_gradle$2                                                                  : loaded 3 times (x 75B)
Class org.gradle.kotlin.dsl.ImplementationConfigurationAccessorsKt                    : loaded 3 times (x 68B)
Class org.gradle.kotlin.dsl.Accessors377twfxlhpj2n65rquy9ybeqsKt                      : loaded 3 times (x 68B)
Class Build_gradle$1$2$1                                                              : loaded 3 times (x 76B)
Class Build_gradle$1$5                                                                : loaded 3 times (x 75B)
Class org.gradle.kotlin.dsl.Accessors6ijptz36i787i38pli2t3331aKt                      : loaded 3 times (x 68B)
Class org.gradle.kotlin.dsl.DebugImplementationConfigurationAccessorsKt               : loaded 3 times (x 68B)
Class org.gradle.kotlin.dsl.VersionCatalogAccessorsKt                                 : loaded 3 times (x 68B)
Class com.google.common.collect.ImmutableList$1                                       : loaded 2 times (x 94B)
Class org.gradle.api.internal.classpath.ManifestUtil                                  : loaded 2 times (x 68B)
Class org.jetbrains.kotlinx.serialization.gradle.SerializationGradleSubplugin$applyToCompilation$1: loaded 2 times (x 71B)
Class com.google.common.io.ByteArrayDataOutput                                        : loaded 2 times (x 67B)
Class com.google.common.collect.RegularImmutableMap                                   : loaded 2 times (x 118B)
Class com.google.common.collect.ImmutableMap$MapViewOfValuesAsSingletonSets           : loaded 2 times (x 122B)
Class com.google.common.reflect.TypeCapture                                           : loaded 2 times (x 68B)
Class com.google.common.cache.LocalCache$Values                                       : loaded 2 times (x 115B)
Class [Lorg.objectweb.asm.Symbol;                                                     : loaded 2 times (x 66B)
Class org.objectweb.asm.ClassVisitor                                                  : loaded 2 times (x 85B)
Class com.google.common.collect.UnmodifiableListIterator                              : loaded 2 times (x 92B)
Class com.google.common.collect.MapMakerInternalMap$StrongKeyDummyValueEntry$LinkedStrongKeyDummyValueEntry: loaded 2 times (x 79B)
Class com.google.common.collect.MapMakerInternalMap$Strength                          : loaded 2 times (x 77B)
Class org.objectweb.asm.MethodTooLargeException                                       : loaded 2 times (x 80B)
Class [Lcom.google.common.cache.CacheBuilder$OneWeigher;                              : loaded 2 times (x 66B)
Class com.google.common.base.Suppliers                                                : loaded 2 times (x 68B)
Class com.google.common.base.Platform$JdkPatternCompiler                              : loaded 2 times (x 72B)
Class org.gradle.internal.classloader.DefaultClassLoaderFactory                       : loaded 2 times (x 79B)
Class com.google.common.io.ByteSource$ConcatenatedByteSource                          : loaded 2 times (x 82B)
Class [Lcom.google.common.collect.AbstractIterator$State;                             : loaded 2 times (x 66B)
Class com.google.common.base.CharMatcher$None                                         : loaded 2 times (x 109B)
Class org.gradle.internal.classloader.ClassLoaderVisitor                              : loaded 2 times (x 73B)
Class [Lcom.google.common.collect.ImmutableMapEntry;                                  : loaded 2 times (x 66B)
Class org.gradle.api.internal.classpath.EffectiveClassPath                            : loaded 2 times (x 87B)
Class com.google.common.collect.CollectSpliterators$1WithCharacteristics              : loaded 2 times (x 87B)
Class com.google.common.collect.AbstractIterator$1                                    : loaded 2 times (x 68B)
Class com.google.common.collect.ImmutableRangeSet                                     : loaded 2 times (x 112B)
Class com.google.common.collect.ImmutableEnumMap                                      : loaded 2 times (x 122B)
Class com.google.common.collect.ListMultimap                                          : loaded 2 times (x 67B)
Class com.google.common.collect.Iterators$EmptyModifiableIterator                     : loaded 2 times (x 83B)
Class com.google.common.collect.Sets$1                                                : loaded 2 times (x 136B)
Class org.objectweb.asm.AnnotationVisitor                                             : loaded 2 times (x 75B)
Class com.google.common.base.Splitter                                                 : loaded 2 times (x 69B)
Class org.gradle.api.internal.DefaultClassPathProvider                                : loaded 2 times (x 73B)
Class [Lcom.google.common.base.Function;                                              : loaded 2 times (x 66B)
Class com.google.common.collect.Maps$ViewCachingAbstractMap                           : loaded 2 times (x 122B)
Class com.google.common.collect.MapMakerInternalMap$Strength$1                        : loaded 2 times (x 77B)
Class com.google.common.collect.Sets$2                                                : loaded 2 times (x 136B)
Class [Lorg.gradle.api.internal.ClassPathProvider;                                    : loaded 2 times (x 66B)
Class org.gradle.api.internal.ClassPathProvider                                       : loaded 2 times (x 67B)
Class com.google.common.reflect.Types$ClassOwnership$1                                : loaded 2 times (x 77B)
Class [Lorg.objectweb.asm.AnnotationVisitor;                                          : loaded 2 times (x 66B)
Class com.google.common.collect.MapMakerInternalMap$Strength$2                        : loaded 2 times (x 77B)
Class com.google.common.collect.Sets$3                                                : loaded 2 times (x 136B)
Class com.google.common.util.concurrent.AbstractFuture$SafeAtomicHelper               : loaded 2 times (x 76B)
Class com.google.common.cache.LocalCache$LocalLoadingCache                            : loaded 2 times (x 131B)
Class com.google.common.base.AbstractIterator$State                                   : loaded 2 times (x 76B)
Class org.gradle.internal.service.UnknownServiceException                             : loaded 2 times (x 80B)
Class com.google.common.reflect.Types$ClassOwnership$2                                : loaded 2 times (x 77B)
Class com.google.common.reflect.TypeResolver                                          : loaded 2 times (x 69B)
Class com.google.common.io.ByteArrayDataInput                                         : loaded 2 times (x 67B)
Class com.google.common.collect.MapMakerInternalMap$StrongValueEntry                  : loaded 2 times (x 67B)
Class com.google.common.collect.Sets$4                                                : loaded 2 times (x 136B)
Class org.objectweb.asm.ModuleVisitor                                                 : loaded 2 times (x 78B)
Class com.google.common.cache.LocalCache$Strength$1                                   : loaded 2 times (x 78B)
Class com.google.common.reflect.Types$ClassOwnership$3                                : loaded 2 times (x 68B)
Class com.google.common.collect.Collections2$FilteredCollection                       : loaded 2 times (x 116B)
Class com.google.common.util.concurrent.SettableFuture                                : loaded 2 times (x 111B)
Class com.google.common.cache.LocalCache$Strength$2                                   : loaded 2 times (x 78B)
Class [Lcom.google.common.collect.Maps$EntryFunction;                                 : loaded 2 times (x 66B)
Class com.google.common.collect.TransformedIterator                                   : loaded 2 times (x 77B)
Class com.google.common.io.ByteStreams                                                : loaded 2 times (x 68B)
Class com.google.common.collect.Interners$InternerImpl                                : loaded 2 times (x 72B)
Class com.google.common.collect.Interner                                              : loaded 2 times (x 67B)
Class com.google.common.cache.LocalCache$Strength$3                                   : loaded 2 times (x 78B)
Class com.google.common.collect.MapDifference                                         : loaded 2 times (x 67B)
Class com.google.common.base.Splitter$1                                               : loaded 2 times (x 74B)
Class com.google.common.reflect.Invokable                                             : loaded 2 times (x 100B)
Class com.google.common.collect.MapMaker$Dummy                                        : loaded 2 times (x 76B)
Class org.objectweb.asm.FieldWriter                                                   : loaded 2 times (x 75B)
Class com.google.common.cache.CacheBuilder$NullListener                               : loaded 2 times (x 79B)
Class org.gradle.internal.classpath.TransformedClassPath                              : loaded 2 times (x 93B)
Class com.google.common.collect.ImmutableListMultimap                                 : loaded 2 times (x 173B)
Class com.google.common.reflect.Types$ParameterizedTypeImpl                           : loaded 2 times (x 78B)
Class com.google.common.collect.Maps$IteratorBasedAbstractMap$1                       : loaded 2 times (x 135B)
Class com.google.common.collect.ImmutableRangeSet$AsSet                               : loaded 2 times (x 296B)
Class com.google.common.cache.CacheLoader$FunctionToCacheLoader                       : loaded 2 times (x 72B)
Class com.google.common.collect.Iterators$ArrayItr                                    : loaded 2 times (x 94B)
Class com.google.common.collect.ImmutableCollection$Builder                           : loaded 2 times (x 73B)
Class com.google.common.collect.EmptyImmutableListMultimap                            : loaded 2 times (x 173B)
Class com.google.common.collect.BaseImmutableMultimap                                 : loaded 2 times (x 120B)
Class com.google.common.reflect.TypeResolver$TypeVariableKey                          : loaded 2 times (x 69B)
Class com.google.common.base.Joiner                                                   : loaded 2 times (x 76B)
Class com.google.common.base.MoreObjects                                              : loaded 2 times (x 68B)
Class [Lorg.objectweb.asm.Type;                                                       : loaded 2 times (x 66B)
Class com.google.common.collect.Platform                                              : loaded 2 times (x 68B)
Class com.google.common.collect.UnmodifiableIterator                                  : loaded 2 times (x 77B)
Class org.gradle.internal.service.ServiceLocator                                      : loaded 2 times (x 67B)
Class com.google.common.base.Ascii                                                    : loaded 2 times (x 68B)
Class com.google.common.collect.SingletonImmutableBiMap                               : loaded 2 times (x 140B)
Class com.google.common.cache.LocalCache$1                                            : loaded 2 times (x 86B)
Class com.google.common.collect.AbstractMapEntry                                      : loaded 2 times (x 78B)
Class com.google.common.reflect.TypeToken$SimpleTypeToken                             : loaded 2 times (x 70B)
Class com.google.common.io.ByteSource$ByteArrayByteSource                             : loaded 2 times (x 82B)
Class com.google.common.collect.MapMakerInternalMap$AbstractStrongKeyEntry            : loaded 2 times (x 77B)
Class com.google.common.collect.Sets$ImprovedAbstractSet                              : loaded 2 times (x 132B)
Class com.google.common.collect.ImmutableList$Builder                                 : loaded 2 times (x 74B)
Class com.google.common.cache.LocalCache$2                                            : loaded 2 times (x 139B)
Class com.google.common.collect.AbstractMultimap                                      : loaded 2 times (x 120B)
Class com.google.common.collect.ImmutableRangeSet$1                                   : loaded 2 times (x 206B)
Class com.google.common.util.concurrent.AbstractFuture$UnsafeAtomicHelper$1           : loaded 2 times (x 73B)
Class com.google.common.collect.RegularImmutableAsList                                : loaded 2 times (x 213B)
Class com.google.common.base.Optional                                                 : loaded 2 times (x 77B)
Class com.google.common.collect.Range                                                 : loaded 2 times (x 84B)
Class com.google.common.util.concurrent.AbstractFuture$Trusted                        : loaded 2 times (x 67B)
Class com.google.common.collect.Iterators                                             : loaded 2 times (x 68B)
Class com.google.common.base.CharMatcher$RangesMatcher                                : loaded 2 times (x 109B)
Class com.google.common.util.concurrent.ExecutionError                                : loaded 2 times (x 79B)
Class com.google.common.io.ByteSink$AsCharSink                                        : loaded 2 times (x 77B)
Class com.google.common.util.concurrent.UncheckedExecutionException                   : loaded 2 times (x 79B)
Class com.google.common.collect.Lists$StringAsImmutableList                           : loaded 2 times (x 204B)
Class org.jetbrains.kotlinx.serialization.gradle.SerializationGradleSubplugin         : loaded 2 times (x 79B)
Class com.google.common.collect.ImmutableSortedSetFauxverideShim                      : loaded 2 times (x 144B)
Class com.google.common.base.CharMatcher$JavaLetterOrDigit                            : loaded 2 times (x 108B)
Class org.gradle.internal.InternalTransformer                                         : loaded 2 times (x 67B)
Class com.google.common.collect.AbstractMapBasedMultimap$KeySet$1                     : loaded 2 times (x 79B)
Class org.objectweb.asm.ClassWriter                                                   : loaded 2 times (x 103B)
Class com.google.common.cache.CacheLoader$UnsupportedLoadingOperationException        : loaded 2 times (x 79B)
Class com.google.common.base.CharMatcher$And                                          : loaded 2 times (x 109B)
Class org.gradle.internal.classloader.ClasspathUtil$1                                 : loaded 2 times (x 73B)
Class com.google.common.collect.FluentIterable$1                                      : loaded 2 times (x 78B)
Class com.google.common.base.Objects                                                  : loaded 2 times (x 68B)
Class org.objectweb.asm.FieldVisitor                                                  : loaded 2 times (x 74B)
Class com.google.common.collect.IndexedImmutableSet                                   : loaded 2 times (x 147B)
Class com.google.common.collect.ImmutableMap$1                                        : loaded 2 times (x 78B)
Class com.google.common.collect.BiMap                                                 : loaded 2 times (x 67B)
Class org.gradle.api.internal.classpath.DefaultModuleRegistry$DefaultModule           : loaded 2 times (x 83B)
Class com.google.common.reflect.Reflection                                            : loaded 2 times (x 68B)
Class com.google.common.base.Absent                                                   : loaded 2 times (x 77B)
Class com.google.common.collect.FluentIterable$2                                      : loaded 2 times (x 78B)
Class com.google.common.primitives.Ints                                               : loaded 2 times (x 68B)
Class com.google.common.collect.AbstractIterator                                      : loaded 2 times (x 79B)
Class com.google.common.collect.FluentIterable$3                                      : loaded 2 times (x 78B)
Class com.google.common.math.MathPreconditions                                        : loaded 2 times (x 68B)
Class com.google.common.collect.Multiset                                              : loaded 2 times (x 67B)
Class com.google.common.collect.ArrayListMultimapGwtSerializationDependencies         : loaded 2 times (x 169B)
Class com.google.common.collect.ObjectArrays                                          : loaded 2 times (x 68B)
Class com.google.common.collect.AbstractIndexedListIterator                           : loaded 2 times (x 93B)
Class com.google.common.collect.ImmutableMapEntrySet                                  : loaded 2 times (x 148B)
Class org.gradle.api.internal.classpath.Module                                        : loaded 2 times (x 67B)
Class com.google.common.cache.Weigher                                                 : loaded 2 times (x 67B)
Class org.gradle.api.internal.classpath.UnknownModuleException                        : loaded 2 times (x 79B)
Class com.google.common.base.Stopwatch                                                : loaded 2 times (x 69B)
Class com.google.common.cache.LocalCache$Strength                                     : loaded 2 times (x 78B)
Class com.google.common.cache.Cache                                                   : loaded 2 times (x 67B)
Class com.google.common.io.AppendableWriter                                           : loaded 2 times (x 97B)
Class com.google.common.io.Files$2                                                    : loaded 2 times (x 73B)
Class com.google.common.util.concurrent.AbstractFuture$Cancellation                   : loaded 2 times (x 69B)
Class com.google.common.collect.ImmutableMap$Builder                                  : loaded 2 times (x 79B)
Class com.google.common.base.NullnessCasts                                            : loaded 2 times (x 68B)
Class com.google.common.collect.Maps$EntryFunction$1                                  : loaded 2 times (x 88B)
Class com.google.common.base.Present                                                  : loaded 2 times (x 78B)
Class com.google.common.cache.RemovalListener                                         : loaded 2 times (x 67B)
Class org.gradle.api.internal.DefaultClassPathRegistry                                : loaded 2 times (x 73B)
Class com.google.common.collect.ImmutableMultimap$Keys                                : loaded 2 times (x 163B)
Class com.google.common.reflect.Invokable$ConstructorInvokable                        : loaded 2 times (x 104B)
Class com.google.common.collect.Maps$EntryFunction$2                                  : loaded 2 times (x 88B)
Class com.google.common.primitives.IntsMethodsForWeb                                  : loaded 2 times (x 68B)
Class com.google.common.collect.Multimap                                              : loaded 2 times (x 67B)
Class org.gradle.api.internal.ClassPathRegistry                                       : loaded 2 times (x 67B)
Class org.gradle.internal.classpath.DefaultClassPath$ImmutableUniqueList              : loaded 2 times (x 196B)
Class com.google.common.collect.ImmutableEnumSet                                      : loaded 2 times (x 143B)
Class com.google.common.reflect.TypeToken                                             : loaded 2 times (x 70B)
Class com.google.common.collect.NullnessCasts                                         : loaded 2 times (x 68B)
Class com.google.common.collect.MapMakerInternalMap$Segment                           : loaded 2 times (x 139B)
Class com.google.common.base.ExtraObjectsMethodsForWeb                                : loaded 2 times (x 68B)
Class [Lcom.google.common.cache.RemovalCause;                                         : loaded 2 times (x 66B)
Class com.google.common.cache.RemovalCause                                            : loaded 2 times (x 77B)
Class com.google.common.io.ByteSink                                                   : loaded 2 times (x 73B)
Class com.google.common.cache.CacheBuilder                                            : loaded 2 times (x 69B)
Class com.google.common.collect.SingletonImmutableList                                : loaded 2 times (x 204B)
Class Settings_gradle$1                                                               : loaded 2 times (x 72B)
Class org.gradle.internal.classpath.ClassPath                                         : loaded 2 times (x 67B)
Class org.gradle.api.UncheckedIOException                                             : loaded 2 times (x 79B)
Class [Lcom.google.common.reflect.Types$JavaVersion;                                  : loaded 2 times (x 66B)
Class com.google.common.io.Files$FileByteSource                                       : loaded 2 times (x 82B)
Class com.google.common.collect.Interners$InternerBuilder                             : loaded 2 times (x 73B)
Class com.google.common.collect.ImmutableList$ReverseImmutableList                    : loaded 2 times (x 205B)
Class com.google.common.base.JdkPattern                                               : loaded 2 times (x 72B)
Class com.google.common.io.CharStreams$NullWriter                                     : loaded 2 times (x 96B)
Class org.objectweb.asm.SymbolTable$Entry                                             : loaded 2 times (x 71B)
Class com.google.common.util.concurrent.AbstractFuture$AtomicHelper                   : loaded 2 times (x 75B)
Class org.objectweb.asm.Edge                                                          : loaded 2 times (x 69B)
Class com.google.common.base.Suppliers$SupplierOfInstance                             : loaded 2 times (x 76B)
Class com.google.common.collect.Iterators$1                                           : loaded 2 times (x 78B)
Class com.google.common.reflect.TypeToken$1                                           : loaded 2 times (x 107B)
Class com.google.common.cache.LocalCache$ComputingValueReference                      : loaded 2 times (x 93B)
Class com.google.common.collect.SingletonImmutableSet                                 : loaded 2 times (x 143B)
Class com.google.common.collect.ImmutableMap$IteratorBasedImmutableMap                : loaded 2 times (x 122B)
Class com.google.common.reflect.TypeToken$2                                           : loaded 2 times (x 107B)
Class com.google.common.cache.LocalCache$Segment                                      : loaded 2 times (x 151B)
Class com.google.common.collect.SortedIterable                                        : loaded 2 times (x 67B)
Class com.google.common.collect.AbstractMapBasedMultimap$WrappedCollection            : loaded 2 times (x 121B)
Class com.google.common.cache.CacheLoader                                             : loaded 2 times (x 71B)
Class com.google.common.collect.Iterators$4                                           : loaded 2 times (x 79B)
Class com.google.common.collect.ImmutableBiMap                                        : loaded 2 times (x 140B)
Class com.google.common.collect.AbstractListMultimap                                  : loaded 2 times (x 169B)
Class org.gradle.internal.installation.GradleInstallation$1                           : loaded 2 times (x 72B)
Class org.gradle.api.internal.classpath.ModuleRegistry                                : loaded 2 times (x 67B)
Class com.google.common.util.concurrent.internal.InternalFutureFailureAccess          : loaded 2 times (x 69B)
Class com.google.common.collect.Iterators$5                                           : loaded 2 times (x 79B)
Class com.google.common.collect.ImmutableSet$JdkBackedSetBuilderImpl                  : loaded 2 times (x 73B)
Class com.google.common.base.Splitter$SplittingIterator                               : loaded 2 times (x 81B)
Class org.gradle.internal.classloader.ClassLoaderHierarchy                            : loaded 2 times (x 67B)
Class org.jetbrains.kotlinx.serialization.gradle.SerializationGradleSubplugin$Companion: loaded 2 times (x 68B)
Class com.google.common.collect.ImmutableMultimap$Values                              : loaded 2 times (x 123B)
Class com.google.common.collect.Iterators$6                                           : loaded 2 times (x 78B)
Class com.google.common.io.Closer$SuppressingSuppressor                               : loaded 2 times (x 72B)
Class com.google.common.util.concurrent.AbstractFuture$UnsafeAtomicHelper             : loaded 2 times (x 75B)
Class com.google.common.cache.LocalCache$LocalManualCache$1                           : loaded 2 times (x 72B)
Class com.google.common.base.CharMatcher$ForPredicate                                 : loaded 2 times (x 109B)
Class com.google.common.collect.ImmutableCollection                                   : loaded 2 times (x 122B)
Class com.google.common.base.CharMatcher$AnyOf                                        : loaded 2 times (x 109B)
Class org.gradle.api.internal.classpath.DefaultModuleRegistry                         : loaded 2 times (x 80B)
Class com.google.common.util.concurrent.ListenableFuture                              : loaded 2 times (x 67B)
Class com.google.common.cache.ReferenceEntry                                          : loaded 2 times (x 67B)
Class com.google.common.collect.ImmutableSet$CachingAsList                            : loaded 2 times (x 144B)
Class com.google.common.base.Converter                                                : loaded 2 times (x 87B)
Class com.google.common.collect.Lists                                                 : loaded 2 times (x 68B)
Class com.google.common.base.CharMatcher$Any                                          : loaded 2 times (x 109B)
Class com.google.common.util.concurrent.AbstractFuture                                : loaded 2 times (x 103B)
Class com.google.common.base.FunctionalEquivalence                                    : loaded 2 times (x 80B)
Class com.google.common.collect.Iterators$9                                           : loaded 2 times (x 78B)
Class com.google.common.collect.AbstractMapBasedMultimap                              : loaded 2 times (x 136B)
Class com.google.common.collect.ImmutableAsList                                       : loaded 2 times (x 206B)
Class com.google.common.io.CharStreams                                                : loaded 2 times (x 68B)
Class com.google.common.collect.ImmutableMultiset                                     : loaded 2 times (x 160B)
Class com.google.common.reflect.TypeResolver$TypeTable                                : loaded 2 times (x 70B)
Class org.objectweb.asm.RecordComponentVisitor                                        : loaded 2 times (x 74B)
Class com.google.common.cache.CacheLoader$SupplierToCacheLoader                       : loaded 2 times (x 72B)
Class com.google.common.reflect.TypeResolver$TypeTable$1                              : loaded 2 times (x 70B)
Class com.google.common.collect.Maps$EntryTransformer                                 : loaded 2 times (x 67B)
Class org.gradle.internal.service.ServiceLookupException                              : loaded 2 times (x 79B)
Class com.google.common.collect.ImmutableSortedSet                                    : loaded 2 times (x 296B)
Class [Lcom.google.common.cache.LocalCache$EntryFactory;                              : loaded 2 times (x 66B)
Class com.google.common.base.CharMatcher$JavaLetter                                   : loaded 2 times (x 108B)
Class org.gradle.internal.classloader.ClassLoaderFactory                              : loaded 2 times (x 67B)
Class com.google.common.cache.LocalCache$LocalManualCache                             : loaded 2 times (x 96B)
Class com.google.common.base.CharMatcher$IsNot                                        : loaded 2 times (x 108B)
Class com.google.common.base.CommonPattern                                            : loaded 2 times (x 71B)
Class org.gradle.internal.service.CachingServiceLocator                               : loaded 2 times (x 79B)
Class com.google.common.collect.AbstractMapBasedMultimap$KeySet                       : loaded 2 times (x 134B)
Class com.google.common.collect.RegularImmutableSortedSet                             : loaded 2 times (x 296B)
Class com.google.common.math.IntMath                                                  : loaded 2 times (x 68B)
Class com.google.common.reflect.Types$TypeVariableInvocationHandler                   : loaded 2 times (x 72B)
Class com.google.common.collect.MapMakerInternalMap$InternalEntry                     : loaded 2 times (x 67B)
Class com.google.common.collect.Iterators$10                                          : loaded 2 times (x 78B)
Class com.google.common.collect.ImmutableMapEntry                                     : loaded 2 times (x 82B)
Class com.google.common.base.CharMatcher$JavaDigit                                    : loaded 2 times (x 108B)
Class com.google.common.collect.ImmutableMultimap                                     : loaded 2 times (x 144B)
Class com.google.common.base.Predicates                                               : loaded 2 times (x 68B)
Class com.google.common.base.Equivalence                                              : loaded 2 times (x 79B)
Class com.google.common.collect.ImmutableMapEntry$NonTerminalImmutableMapEntry        : loaded 2 times (x 82B)
Class com.google.common.base.Function                                                 : loaded 2 times (x 67B)
Class com.google.common.base.CharMatcher$IsEither                                     : loaded 2 times (x 108B)
Class com.google.common.collect.IndexedImmutableSet$1                                 : loaded 2 times (x 209B)
Class com.google.common.cache.CacheBuilder$OneWeigher                                 : loaded 2 times (x 79B)
Class com.google.common.collect.RegularImmutableList                                  : loaded 2 times (x 209B)
Class com.google.common.reflect.Types$ClassOwnership$1LocalClass                      : loaded 2 times (x 68B)
Class com.google.common.collect.Maps$EntryFunction                                    : loaded 2 times (x 88B)
Class com.google.common.collect.ImmutableBiMapFauxverideShim                          : loaded 2 times (x 117B)
Class org.gradle.internal.classloader.ClasspathUtil                                   : loaded 2 times (x 68B)
Class com.google.common.base.Charsets                                                 : loaded 2 times (x 68B)
Class com.google.common.util.concurrent.Uninterruptibles                              : loaded 2 times (x 68B)
Class com.google.common.io.CharSource                                                 : loaded 2 times (x 82B)
Class com.google.common.collect.Maps                                                  : loaded 2 times (x 68B)
Class com.google.common.base.CharMatcher$JavaUpperCase                                : loaded 2 times (x 108B)
Class org.gradle.api.specs.Spec                                                       : loaded 2 times (x 67B)
Class com.google.common.reflect.Types$JavaVersion                                     : loaded 2 times (x 80B)
Class com.google.common.collect.MapMaker                                              : loaded 2 times (x 69B)
Class [Lcom.google.common.collect.ImmutableEntry;                                     : loaded 2 times (x 66B)
Class com.google.common.collect.Sets$3$1                                              : loaded 2 times (x 79B)
Class com.google.common.cache.LocalCache$LoadingValueReference                        : loaded 2 times (x 93B)
Class [Lcom.google.common.base.AbstractIterator$State;                                : loaded 2 times (x 66B)
Class com.google.common.io.LineReader$1                                               : loaded 2 times (x 72B)
Class com.google.common.collect.AbstractMapBasedMultimap$AsMap                        : loaded 2 times (x 125B)
Class com.google.common.reflect.Invokable$MethodInvokable                             : loaded 2 times (x 104B)
Class com.google.common.collect.CollectSpliterators                                   : loaded 2 times (x 68B)
Class com.google.common.collect.MapMakerInternalMap$StrongKeyDummyValueEntry          : loaded 2 times (x 79B)
Class com.google.common.base.Platform                                                 : loaded 2 times (x 68B)
Class [Lcom.google.common.collect.MapMakerInternalMap$Segment;                        : loaded 2 times (x 66B)
Class com.google.common.collect.AbstractMapBasedMultimap$WrappedList                  : loaded 2 times (x 202B)
Class [Lorg.objectweb.asm.AnnotationWriter;                                           : loaded 2 times (x 66B)
Class com.google.common.primitives.Ints$IntConverter                                  : loaded 2 times (x 87B)
Class com.google.common.collect.Maps$8                                                : loaded 2 times (x 79B)
Class com.google.common.base.Predicates$CompositionPredicate                          : loaded 2 times (x 85B)
Class [Lcom.google.common.collect.Iterators$EmptyModifiableIterator;                  : loaded 2 times (x 66B)
Class com.google.common.collect.ImmutableRangeSet$Builder                             : loaded 2 times (x 74B)
Class com.google.common.collect.Sets$SetView                                          : loaded 2 times (x 135B)
Class com.google.common.cache.LocalCache$StrongValueReference                         : loaded 2 times (x 87B)
Class com.google.common.util.concurrent.AbstractFuture$SynchronizedHelper             : loaded 2 times (x 75B)
Class com.google.common.base.CharMatcher$Invisible                                    : loaded 2 times (x 109B)
Class com.google.common.graph.SuccessorsFunction                                      : loaded 2 times (x 67B)
Class org.objectweb.asm.Type                                                          : loaded 2 times (x 69B)
Class org.gradle.internal.classloader.VisitableURLClassLoader$InstrumentingVisitableURLClassLoader: loaded 2 times (x 120B)
Class com.google.common.cache.LocalCache$ValueIterator                                : loaded 2 times (x 83B)
Class com.google.common.io.Files$FileByteSink                                         : loaded 2 times (x 74B)
Class com.google.common.collect.MapMakerInternalMap$StrongKeyDummyValueEntry$Helper   : loaded 2 times (x 76B)
Class org.objectweb.asm.ByteVector                                                    : loaded 2 times (x 76B)
Class [Lcom.google.common.cache.CacheBuilder$NullListener;                            : loaded 2 times (x 66B)
Class com.google.common.math.IntMath$1                                                : loaded 2 times (x 68B)
Class org.gradle.internal.classloader.VisitableURLClassLoader$Spec                    : loaded 2 times (x 71B)
Class org.gradle.internal.classpath.DefaultClassPath                                  : loaded 2 times (x 87B)
Class com.google.common.reflect.Types$ClassOwnership                                  : loaded 2 times (x 77B)
Class org.objectweb.asm.Symbol                                                        : loaded 2 times (x 70B)
Class com.google.common.base.AbstractIterator                                         : loaded 2 times (x 77B)
Class com.google.common.io.Java8Compatibility                                         : loaded 2 times (x 68B)
Class com.google.common.collect.Sets$FilteredSet                                      : loaded 2 times (x 134B)
Class com.google.common.io.Closer                                                     : loaded 2 times (x 75B)
Class com.google.common.collect.RegularImmutableMap$Values                            : loaded 2 times (x 204B)
Class com.google.common.collect.ImmutableSet                                          : loaded 2 times (x 142B)
Class com.google.common.base.CharMatcher$BitSetMatcher                                : loaded 2 times (x 109B)
Class com.google.common.base.CharMatcher$Ascii                                        : loaded 2 times (x 109B)
Class org.gradle.internal.classloader.ClassLoaderSpec                                 : loaded 2 times (x 68B)
Class com.google.common.io.ByteSource$EmptyByteSource                                 : loaded 2 times (x 82B)
Class org.objectweb.asm.AnnotationWriter                                              : loaded 2 times (x 76B)
Class com.google.common.cache.CacheStats                                              : loaded 2 times (x 68B)
Class com.google.common.collect.ImmutableMultisetGwtSerializationDependencies         : loaded 2 times (x 122B)
Class com.google.common.io.LineProcessor                                              : loaded 2 times (x 67B)
Class com.google.common.collect.Interners                                             : loaded 2 times (x 68B)
Class com.google.common.io.Closer$Suppressor                                          : loaded 2 times (x 67B)
Class org.objectweb.asm.RecordComponentWriter                                         : loaded 2 times (x 75B)
Class com.google.common.util.concurrent.AbstractFuture$Listener                       : loaded 2 times (x 69B)
Class com.google.common.base.CharMatcher$Or                                           : loaded 2 times (x 109B)
Class Settings_gradle$1$1                                                             : loaded 2 times (x 72B)
Class org.objectweb.asm.Attribute                                                     : loaded 2 times (x 74B)
Class com.google.common.base.Supplier                                                 : loaded 2 times (x 67B)
Class org.gradle.internal.classloader.VisitableURLClassLoader                         : loaded 2 times (x 114B)
Class com.google.common.collect.ImmutableList$SerializedForm                          : loaded 2 times (x 70B)
Class com.google.common.util.concurrent.AbstractFuture$Waiter                         : loaded 2 times (x 69B)
Class Settings_gradle                                                                 : loaded 2 times (x 125B)
Class org.gradle.internal.Cast                                                        : loaded 2 times (x 68B)
Class org.gradle.api.Action                                                           : loaded 2 times (x 67B)
Class com.google.common.collect.MapMakerInternalMap                                   : loaded 2 times (x 158B)
Class com.google.common.collect.Sets                                                  : loaded 2 times (x 68B)
Class org.objectweb.asm.Handler                                                       : loaded 2 times (x 69B)
Class com.google.common.base.Ticker                                                   : loaded 2 times (x 69B)
Class com.google.common.base.Strings                                                  : loaded 2 times (x 68B)
Class com.google.common.base.CharMatcher$FastMatcher                                  : loaded 2 times (x 108B)
Class org.gradle.internal.agents.InstrumentingClassLoader                             : loaded 2 times (x 67B)
Class com.google.common.cache.RemovalCause$1                                          : loaded 2 times (x 77B)
Class [Lcom.google.common.cache.LocalCache$Segment;                                   : loaded 2 times (x 66B)
Class [Lcom.google.common.cache.LocalCache$Strength;                                  : loaded 2 times (x 66B)
Class com.google.common.cache.CacheBuilder$1                                          : loaded 2 times (x 82B)
Class com.google.common.collect.ImmutableMap                                          : loaded 2 times (x 117B)
Class com.google.common.base.Predicate                                                : loaded 2 times (x 67B)
Class org.gradle.internal.classpath.DefaultClassPath$ImmutableUniqueList$Builder      : loaded 2 times (x 72B)
Class com.google.common.cache.RemovalCause$2                                          : loaded 2 times (x 77B)
Class com.google.common.collect.MapMakerInternalMap$WeakValueReference                : loaded 2 times (x 67B)
Class com.google.common.collect.AbstractRangeSet                                      : loaded 2 times (x 111B)
Class com.google.common.cache.LocalCache                                              : loaded 2 times (x 184B)
Class com.google.common.cache.CacheBuilder$2                                          : loaded 2 times (x 69B)
Class com.google.common.base.CharMatcher$NegatedFastMatcher                           : loaded 2 times (x 110B)
Class com.google.common.cache.RemovalCause$3                                          : loaded 2 times (x 77B)
Class [Lcom.google.common.collect.AbstractMapEntry;                                   : loaded 2 times (x 66B)
Class com.google.common.collect.ImmutableEntry                                        : loaded 2 times (x 79B)
Class com.google.common.collect.ArrayListMultimap                                     : loaded 2 times (x 169B)
Class com.google.common.base.AbstractIterator$1                                       : loaded 2 times (x 68B)
Class com.google.common.base.CharMatcher$Digit                                        : loaded 2 times (x 109B)
Class org.gradle.api.GradleException                                                  : loaded 2 times (x 79B)
Class com.google.common.cache.RemovalCause$4                                          : loaded 2 times (x 77B)
Class com.google.common.base.Suppliers$MemoizingSupplier                              : loaded 2 times (x 76B)
Class com.google.common.collect.CollectPreconditions                                  : loaded 2 times (x 68B)
Class com.google.common.base.CharMatcher$JavaIsoControl                               : loaded 2 times (x 109B)
Class com.google.common.cache.RemovalCause$5                                          : loaded 2 times (x 77B)
Class [Lcom.google.common.io.FileWriteMode;                                           : loaded 2 times (x 66B)
Class com.google.common.collect.Maps$AbstractFilteredMap                              : loaded 2 times (x 124B)
Class [Lcom.google.common.collect.MapMakerInternalMap$Strength;                       : loaded 2 times (x 66B)
Class com.google.common.collect.SortedMapDifference                                   : loaded 2 times (x 67B)
Class com.google.common.base.CharMatcher$JavaLowerCase                                : loaded 2 times (x 108B)
Class com.google.common.io.FileWriteMode                                              : loaded 2 times (x 76B)
Class com.google.common.io.Files                                                      : loaded 2 times (x 68B)
Class com.google.common.cache.LocalCache$HashIterator                                 : loaded 2 times (x 83B)
Class com.google.common.collect.MapMakerInternalMap$StrongKeyDummyValueSegment        : loaded 2 times (x 139B)
Class com.google.common.collect.Iterables$4                                           : loaded 2 times (x 78B)
Class com.google.common.cache.LocalCache$EntryFactory                                 : loaded 2 times (x 80B)
Class org.gradle.internal.classloader.FilteringClassLoader                            : loaded 2 times (x 102B)
Class com.google.common.reflect.Types$NativeTypeVariableEquals                        : loaded 2 times (x 68B)
Class com.google.common.reflect.TypeParameter                                         : loaded 2 times (x 69B)
Class com.google.common.collect.Iterables$5                                           : loaded 2 times (x 78B)
Class [Lcom.google.common.collect.MapMaker$Dummy;                                     : loaded 2 times (x 66B)
Class com.google.common.cache.LocalCache$AbstractReferenceEntry                       : loaded 2 times (x 104B)
Class com.google.common.base.Splitter$1$1                                             : loaded 2 times (x 83B)
Class com.google.common.base.CharMatcher$Whitespace                                   : loaded 2 times (x 109B)
Class org.gradle.internal.IoActions                                                   : loaded 2 times (x 68B)
Class com.google.common.collect.RegularImmutableMap$KeySet                            : loaded 2 times (x 147B)
Class com.google.common.collect.ImmutableMapKeySet                                    : loaded 2 times (x 147B)
Class com.google.common.collect.ImmutableRangeSet$ComplementRanges                    : loaded 2 times (x 204B)
Class org.objectweb.asm.SymbolTable                                                   : loaded 2 times (x 69B)
Class com.google.common.cache.CacheLoader$InvalidCacheLoadException                   : loaded 2 times (x 79B)
Class com.google.common.collect.ImmutableSet$RegularSetBuilderImpl                    : loaded 2 times (x 74B)
Class com.google.common.base.CharMatcher$SingleWidth                                  : loaded 2 times (x 109B)
Class org.gradle.internal.classloader.SystemClassLoaderSpec                           : loaded 2 times (x 68B)
Class com.google.common.base.Equivalence$Identity                                     : loaded 2 times (x 79B)
Class com.google.common.collect.FluentIterable                                        : loaded 2 times (x 78B)
Class com.google.common.cache.LocalCache$StrongEntry                                  : loaded 2 times (x 105B)
Class com.google.common.util.concurrent.AbstractFuture$TrustedFuture                  : loaded 2 times (x 111B)
Class com.google.common.cache.LoadingCache                                            : loaded 2 times (x 67B)
Class com.google.common.base.PairwiseEquivalence                                      : loaded 2 times (x 80B)
Class [Lorg.objectweb.asm.SymbolTable$Entry;                                          : loaded 2 times (x 66B)
Class com.google.common.io.ByteStreams$LimitedInputStream                             : loaded 2 times (x 89B)
Class com.google.common.base.Suppliers$NonSerializableMemoizingSupplier               : loaded 2 times (x 76B)
Class org.objectweb.asm.MethodWriter                                                  : loaded 2 times (x 103B)
Class [Lcom.google.common.cache.Weigher;                                              : loaded 2 times (x 66B)
Class com.google.common.collect.RegularImmutableMap$BucketOverflowException           : loaded 2 times (x 79B)
Class com.google.common.collect.ImmutableMultimap$1                                   : loaded 2 times (x 79B)
Class com.google.common.collect.AbstractMapBasedMultimap$RandomAccessWrappedList      : loaded 2 times (x 202B)
Class com.google.common.collect.ImmutableMultimap$2                                   : loaded 2 times (x 78B)
Class com.google.common.reflect.Types$JavaVersion$1                                   : loaded 2 times (x 80B)
Class com.google.common.collect.AbstractIterator$State                                : loaded 2 times (x 76B)
Class com.google.common.collect.RegularImmutableBiMap                                 : loaded 2 times (x 145B)
Class com.google.common.cache.LocalCache$ValueReference                               : loaded 2 times (x 67B)
Class com.google.common.base.CharMatcher$Negated                                      : loaded 2 times (x 110B)
Class com.google.common.base.CharMatcher$Is                                           : loaded 2 times (x 108B)
Class com.google.common.reflect.Types$JavaVersion$2                                   : loaded 2 times (x 80B)
Class com.google.common.reflect.Types                                                 : loaded 2 times (x 68B)
Class com.google.common.hash.PrimitiveSink                                            : loaded 2 times (x 67B)
Class com.google.common.util.concurrent.AbstractFuture$Failure                        : loaded 2 times (x 69B)
Class com.google.common.base.Equivalence$Equals                                       : loaded 2 times (x 79B)
Class com.google.common.collect.Hashing                                               : loaded 2 times (x 68B)
Class com.google.common.base.PatternCompiler                                          : loaded 2 times (x 67B)
Class com.google.common.base.Preconditions                                            : loaded 2 times (x 68B)
Class com.google.common.reflect.Types$JavaVersion$3                                   : loaded 2 times (x 80B)
Class com.google.common.io.CharSink                                                   : loaded 2 times (x 76B)
Class com.google.common.base.Joiner$1                                                 : loaded 2 times (x 77B)
Class org.objectweb.asm.Label                                                         : loaded 2 times (x 70B)
Class org.objectweb.asm.CurrentFrame                                                  : loaded 2 times (x 70B)
Class org.objectweb.asm.ClassTooLargeException                                        : loaded 2 times (x 80B)
Class com.google.common.collect.PeekingIterator                                       : loaded 2 times (x 67B)
Class com.google.common.base.CharMatcher                                              : loaded 2 times (x 108B)
Class com.google.common.reflect.Types$JavaVersion$4                                   : loaded 2 times (x 80B)
Class com.google.common.io.ByteSource$AsCharSource                                    : loaded 2 times (x 83B)
Class com.google.common.collect.Maps$IteratorBasedAbstractMap                         : loaded 2 times (x 122B)
Class com.google.common.collect.Table                                                 : loaded 2 times (x 67B)
Class com.google.common.collect.MapMakerInternalMap$InternalEntryHelper               : loaded 2 times (x 67B)
Class com.google.common.collect.RangeGwtSerializationDependencies                     : loaded 2 times (x 68B)
Class com.google.common.base.Joiner$2                                                 : loaded 2 times (x 76B)
Class org.objectweb.asm.Frame                                                         : loaded 2 times (x 70B)
Class org.objectweb.asm.MethodVisitor                                                 : loaded 2 times (x 102B)
Class com.google.common.cache.LocalCache$EntryFactory$1                               : loaded 2 times (x 80B)
Class [Lcom.google.common.cache.RemovalListener;                                      : loaded 2 times (x 66B)
Class com.google.common.base.CharMatcher$1                                            : loaded 2 times (x 110B)
Class com.google.common.base.CharMatcher$NamedFastMatcher                             : loaded 2 times (x 109B)
Class com.google.common.reflect.Types$JavaVersion$5                                   : loaded 2 times (x 68B)
Class [Lcom.google.common.reflect.Types$ClassOwnership;                               : loaded 2 times (x 66B)
Class com.google.common.collect.RangeSet                                              : loaded 2 times (x 67B)
Class com.google.common.cache.LocalCache$EntryFactory$2                               : loaded 2 times (x 80B)
Class com.google.common.collect.CollectCollectors                                     : loaded 2 times (x 68B)
Class org.objectweb.asm.ModuleWriter                                                  : loaded 2 times (x 79B)
Class com.google.common.cache.LocalCache$EntryFactory$3                               : loaded 2 times (x 80B)
Class com.google.common.base.Ticker$1                                                 : loaded 2 times (x 69B)
Class com.google.common.collect.ImmutableMapEntrySet$RegularEntrySet                  : loaded 2 times (x 148B)
Class com.google.common.collect.Maps$BiMapConverter                                   : loaded 2 times (x 87B)
Class com.google.common.collect.CollectSpliterators$1                                 : loaded 2 times (x 87B)
Class com.google.common.cache.LocalCache$EntryFactory$4                               : loaded 2 times (x 80B)
Class com.google.common.collect.ImmutableSet$Builder                                  : loaded 2 times (x 82B)
Class com.google.common.base.CharMatcher$InRange                                      : loaded 2 times (x 108B)
Class Settings_gradle$1$1$1                                                           : loaded 2 times (x 72B)
Class com.google.common.io.ByteStreams$1                                              : loaded 2 times (x 82B)
Class com.google.common.cache.LocalCache$EntryFactory$5                               : loaded 2 times (x 80B)
Class com.google.common.io.LineReader                                                 : loaded 2 times (x 69B)
Class com.google.common.cache.LocalCache$EntryFactory$6                               : loaded 2 times (x 80B)
Class org.gradle.internal.installation.CurrentGradleInstallationLocator               : loaded 2 times (x 68B)
Class com.google.common.collect.ImmutableMultimap$Builder                             : loaded 2 times (x 80B)
Class com.google.common.io.ByteSource$SlicedByteSource                                : loaded 2 times (x 82B)
Class com.google.common.collect.Maps$KeySet                                           : loaded 2 times (x 134B)
Class com.google.common.cache.LocalCache$EntryFactory$7                               : loaded 2 times (x 80B)
Class com.google.common.collect.ImmutableSet$EmptySetBuilderImpl                      : loaded 2 times (x 73B)
Class com.google.common.collect.ImmutableList                                         : loaded 2 times (x 203B)
Class org.gradle.internal.service.DefaultServiceLocator                               : loaded 2 times (x 80B)
Class com.google.common.collect.ImmutableMultimap$EntryCollection                     : loaded 2 times (x 124B)
Class com.google.common.collect.Maps$EntrySet                                         : loaded 2 times (x 133B)
Class com.google.common.cache.LocalCache$EntryFactory$8                               : loaded 2 times (x 80B)
Class com.google.common.collect.ImmutableSet$SetBuilderImpl                           : loaded 2 times (x 73B)
Class org.gradle.internal.installation.CurrentGradleInstallation                      : loaded 2 times (x 70B)
Class com.google.common.cache.CacheLoader$1                                           : loaded 2 times (x 72B)
Class com.google.common.collect.ForwardingObject                                      : loaded 2 times (x 69B)
Class com.google.common.collect.ImmutableList$SubList                                 : loaded 2 times (x 205B)
Class org.gradle.util.internal.GUtil                                                  : loaded 2 times (x 68B)
Class com.google.common.io.ByteSource                                                 : loaded 2 times (x 81B)
Class com.google.common.util.concurrent.AbstractFuture$SetFuture                      : loaded 2 times (x 72B)
Class com.google.common.cache.AbstractCache$StatsCounter                              : loaded 2 times (x 67B)
Class com.google.common.io.LineBuffer                                                 : loaded 2 times (x 72B)
Class com.google.common.reflect.Types$TypeVariableImpl                                : loaded 2 times (x 69B)
Class com.google.common.collect.MapMakerInternalMap$1                                 : loaded 2 times (x 80B)
Class com.google.common.collect.Iterators$MergingIterator                             : loaded 2 times (x 78B)
Class com.google.common.collect.RegularImmutableSet                                   : loaded 2 times (x 145B)
Class org.gradle.internal.installation.GradleInstallation                             : loaded 2 times (x 72B)
Class com.google.common.collect.Iterables                                             : loaded 2 times (x 68B)
Class com.google.common.base.Splitter$Strategy                                        : loaded 2 times (x 67B)

---------------  S Y S T E M  ---------------

OS:
 Windows 11 , 64 bit Build 26100 (10.0.26100.8521)
OS uptime: 1 days 21:16 hours
Hyper-V role detected

CPU: total 12 (initial active 12) (12 cores per cpu, 2 threads per core) family 25 model 117 stepping 2 microcode 0xa70520a, cx8, cmov, fxsr, ht, mmx, 3dnowpref, sse, sse2, sse3, ssse3, sse4a, sse4.1, sse4.2, popcnt, lzcnt, tsc, tscinvbit, avx, avx2, aes, erms, clmul, bmi1, bmi2, adx, avx512f, avx512dq, avx512cd, avx512bw, avx512vl, sha, fma, vzeroupper, avx512_vpopcntdq, avx512_vpclmulqdq, avx512_vaes, avx512_vnni, clflush, clflushopt, avx512_vbmi2, avx512_vbmi, hv, rdtscp, rdpid, fsrm, gfni, avx512_bitalg, f16c, cet_ss, avx512_ifma
Processor Information for processor 0
  Max Mhz: 4301, Current Mhz: 2483, Mhz Limit: 4301
Processor Information for processor 1
  Max Mhz: 4301, Current Mhz: 2483, Mhz Limit: 4301
Processor Information for processor 2
  Max Mhz: 4301, Current Mhz: 2483, Mhz Limit: 4301
Processor Information for processor 3
  Max Mhz: 4301, Current Mhz: 2483, Mhz Limit: 4301
Processor Information for processor 4
  Max Mhz: 4301, Current Mhz: 2483, Mhz Limit: 4301
Processor Information for processor 5
  Max Mhz: 4301, Current Mhz: 2483, Mhz Limit: 4301
Processor Information for processor 6
  Max Mhz: 4301, Current Mhz: 3481, Mhz Limit: 4301
Processor Information for processor 7
  Max Mhz: 4301, Current Mhz: 2483, Mhz Limit: 4301
Processor Information for processor 8
  Max Mhz: 4301, Current Mhz: 3481, Mhz Limit: 4301
Processor Information for processor 9
  Max Mhz: 4301, Current Mhz: 2483, Mhz Limit: 4301
Processor Information for processor 10
  Max Mhz: 4301, Current Mhz: 2483, Mhz Limit: 4301
Processor Information for processor 11
  Max Mhz: 4301, Current Mhz: 2483, Mhz Limit: 4301

Memory: 4k page, system-wide physical 7439M (341M free)
TotalPageFile size 29967M (AvailPageFile size 4M)
current process WorkingSet (physical memory assigned to process): 488M, peak: 637M
current process commit charge ("private bytes"): 957M, peak: 962M

vm_info: OpenJDK 64-Bit Server VM (21.0.3+-12282718-b509.11) for windows-amd64 JRE (21.0.3+-12282718-b509.11), built on 2024-08-27T17:34:15Z by "builder" with MS VC++ 16.10 / 16.11 (VS2019)

END.
